movements,time_hour,rooms,target
1,3.0,"[0, 1, 0, 5, 9, 5, 4, 5, 4, 2]",0
2,20.0,"[4, 9, 5, 2, 5, 9, 5, 1, 5, 2]",1
3,22.0,"[5, 9, 1, 2, 8, 2, 10, 2, 8, 2]",1
4,22.0,"[5, 10, 2, 5, 4, 5, 8, 4, 2, 4]",1
5,20.0,"[5, 7, 2, 1, 3, 9, 1, 3, 9, 1]",1
6,15.0,"[7, 1, 5, 9, 5, 4, 5, 4, 7, 9]",1
7,16.0,"[4, 5, 1, 9, 1, 2, 8, 2, 1, 3]",1
8,7.0,"[2, 5, 1, 9, 2, 1, 9, 3, 2, 5]",1
9,14.0,"[7, 6, 1, 9, 5, 2, 5, 9, 2, 1]",0
10,9.0,"[5, 2, 5, 3, 7, 10, 8, 2, 8, 5]",1
11,17.0,"[10, 2, 10, 6, 5, 2, 10, 8, 6, 8]",1
12,16.0,"[10, 6, 8, 10, 2, 10, 5, 7, 5, 9]",1
13,16.0,"[6, 5, 1, 7, 5, 1, 5, 1, 9, 5]",0
14,10.0,"[1, 5, 7, 5, 2, 6, 4, 5, 7, 5]",1
15,11.0,"[1, 5, 4, 5, 9, 5, 4, 5, 4, 2]",1
16,21.0,"[4, 9, 5, 2, 5, 9, 5, 1, 5, 2]",1
17,22.0,"[5, 9, 1, 2, 8, 2, 10, 2, 8, 2]",1
18,17.0,"[5, 10, 2, 5, 4, 5, 8, 4, 2, 4]",1
19,17.0,"[5, 7, 2, 1, 3, 9, 1, 3, 9, 1]",1
20,18.0,"[7, 1, 5, 9, 5, 4, 5, 4, 7, 9]",1
21,23.0,"[4, 5, 1, 9, 1, 2, 8, 2, 1, 3]",1
22,14.0,"[2, 5, 1, 9, 2, 1, 9, 3, 2, 5]",1
23,23.0," [7, 6, 1, 9, 5, 2, 5, 9, 2, 1]",1
24,2.0,"[6, 5, 7, 5, 1, 5, 5, 5, 1, 9]",0
25,17.0,"[10, 2, 10, 6, 5, 2, 10, 8, 6, 8]",1
26,17.0,"[10, 6, 8, 10, 2, 10, 5, 7, 5, 9]",1
27,17.0,"[9, 5, 1, 1, 5, 7, 7, 5, 2, 6]",0
28,8.0,"[1, 5, 7, 5, 2, 6, 4, 5, 7, 5]",1
29,4.0,"[4, 4, 5, 7, 5, 1, 1, 5, 5, 4]",0
30,5.0,"[0, 1, 0, 5, 9, 5, 4, 5, 4, 2]",0
31,3.0,"[4, 9, 5, 2, 5, 9, 5, 1, 5, 2]",0
32,20.0,"[5, 9, 1, 2, 8, 2, 10, 2, 8, 2]",1
33,22.0,"[5, 10, 2, 5, 4, 5, 8, 4, 2, 4]",1
34,22.0,"[5, 7, 2, 1, 3, 9, 1, 3, 9, 1]",1
35,20.0,"[7, 1, 5, 9, 5, 4, 5, 4, 7, 9]",1
36,15.0,"[4, 5, 1, 9, 1, 2, 8, 2, 1, 3]",1
37,16.0,"[2, 5, 1, 9, 2, 1, 9, 3, 2, 5]",1
38,7.0,"[7, 6, 1, 9, 5, 2, 5, 9, 2, 1]",1
39,14.0,"[5, 2, 5, 3, 7, 10, 8, 2, 8, 5]",0
40,9.0,"[10, 2, 10, 6, 5, 2, 10, 8, 6, 8]",1
41,17.0,"[10, 6, 8, 10, 2, 10, 5, 7, 5, 9]",1
42,16.0,"[6, 5, 1, 7, 5, 1, 5, 1, 9, 5]",1
43,16.0,"[1, 5, 7, 5, 2, 6, 4, 5, 7, 5]",0
44,10.0,"[1, 5, 4, 5, 9, 5, 4, 5, 4, 2]",1
45,11.0,"[4, 9, 5, 2, 5, 9, 5, 1, 5, 2]",1
46,21.0,"[5, 9, 1, 2, 8, 2, 10, 2, 8, 2]",1
47,22.0,"[5, 10, 2, 5, 4, 5, 8, 4, 2, 4]",1
48,17.0,"[5, 7, 2, 1, 3, 9, 1, 3, 9, 1]",1
49,17.0,"[7, 1, 5, 9, 5, 4, 5, 4, 7, 9]",1
50,18.0,"[4, 5, 1, 9, 1, 2, 8, 2, 1, 3]",1
51,23.0,"[2, 5, 1, 9, 2, 1, 9, 3, 2, 5]",1
52,14.0," [7, 6, 1, 9, 5, 2, 5, 9, 2, 1]",1
53,23.0,"[6, 5, 7, 5, 1, 5, 5, 5, 1, 9]",1
54,2.0,"[10, 2, 10, 6, 5, 2, 10, 8, 6, 8]",0
55,17.0,"[10, 6, 8, 10, 2, 10, 5, 7, 5, 9]",1
56,17.0,"[9, 5, 1, 1, 5, 7, 7, 5, 2, 6]",1
57,17.0,"[1, 5, 7, 5, 2, 6, 4, 5, 7, 5]",0
58,8.0,"[4, 4, 5, 7, 5, 1, 1, 5, 5, 4]",1
59,4.0,"[0, 1, 0, 5, 9, 5, 4, 5, 4, 2]",0
60,5.0,"[4, 9, 5, 2, 5, 9, 5, 1, 5, 2]",0
61,3.0,"[5, 9, 1, 2, 8, 2, 10, 2, 8, 2]",0
62,20.0,"[5, 10, 2, 5, 4, 5, 8, 4, 2, 4]",1
63,22.0,"[5, 7, 2, 1, 3, 9, 1, 3, 9, 1]",1
64,22.0,"[7, 1, 5, 9, 5, 4, 5, 4, 7, 9]",1
65,20.0,"[4, 5, 1, 9, 1, 2, 8, 2, 1, 3]",1
66,15.0,"[2, 5, 1, 9, 2, 1, 9, 3, 2, 5]",1
67,16.0,"[7, 6, 1, 9, 5, 2, 5, 9, 2, 1]",1
68,7.0,"[5, 2, 5, 3, 7, 10, 8, 2, 8, 5]",1
69,14.0,"[10, 2, 10, 6, 5, 2, 10, 8, 6, 8]",0
70,9.0,"[10, 6, 8, 10, 2, 10, 5, 7, 5, 9]",1
71,17.0,"[6, 5, 1, 7, 5, 1, 5, 1, 9, 5]",1
72,16.0,"[1, 5, 7, 5, 2, 6, 4, 5, 7, 5]",1
73,16.0,"[1, 5, 4, 5, 9, 5, 4, 5, 4, 2]",0
74,10.0,"[4, 9, 5, 2, 5, 9, 5, 1, 5, 2]",1
75,11.0,"[5, 9, 1, 2, 8, 2, 10, 2, 8, 2]",1
76,21.0,"[5, 10, 2, 5, 4, 5, 8, 4, 2, 4]",1
77,22.0,"[5, 7, 2, 1, 3, 9, 1, 3, 9, 1]",1
78,17.0,"[7, 1, 5, 9, 5, 4, 5, 4, 7, 9]",1
79,17.0,"[4, 5, 1, 9, 1, 2, 8, 2, 1, 3]",1
80,18.0,"[2, 5, 1, 9, 2, 1, 9, 3, 2, 5]",1
81,23.0," [7, 6, 1, 9, 5, 2, 5, 9, 2, 1]",1
82,14.0,"[6, 5, 7, 5, 1, 5, 5, 5, 1, 9]",1
83,23.0,"[10, 2, 10, 6, 5, 2, 10, 8, 6, 8]",1
84,2.0,"[10, 6, 8, 10, 2, 10, 5, 7, 5, 9]",0
85,17.0,"[9, 5, 1, 1, 5, 7, 7, 5, 2, 6]",1
86,17.0,"[1, 5, 7, 5, 2, 6, 4, 5, 7, 5]",1
87,17.0,"[4, 4, 5, 7, 5, 1, 1, 5, 5, 4]",0
88,8.0,"[0, 1, 0, 5, 9, 5, 4, 5, 4, 2]",1
89,4.0,"[4, 9, 5, 2, 5, 9, 5, 1, 5, 2]",0
90,5.0,"[5, 9, 1, 2, 8, 2, 10, 2, 8, 2]",0
91,3.0,"[5, 10, 2, 5, 4, 5, 8, 4, 2, 4]",0
92,20.0,"[5, 7, 2, 1, 3, 9, 1, 3, 9, 1]",1
93,22.0,"[7, 1, 5, 9, 5, 4, 5, 4, 7, 9]",1
94,22.0,"[4, 5, 1, 9, 1, 2, 8, 2, 1, 3]",1
95,20.0,"[2, 5, 1, 9, 2, 1, 9, 3, 2, 5]",1
96,15.0,"[7, 6, 1, 9, 5, 2, 5, 9, 2, 1]",1
97,16.0,"[5, 2, 5, 3, 7, 10, 8, 2, 8, 5]",1
98,7.0,"[10, 2, 10, 6, 5, 2, 10, 8, 6, 8]",1
99,14.0,"[10, 6, 8, 10, 2, 10, 5, 7, 5, 9]",0
100,9.0,"[6, 5, 1, 7, 5, 1, 5, 1, 9, 5]",1
101,17.0,"[1, 5, 7, 5, 2, 6, 4, 5, 7, 5]",1
102,16.0,"[1, 5, 4, 5, 9, 5, 4, 5, 4, 2]",1
103,16.0,"[4, 9, 5, 2, 5, 9, 5, 1, 5, 2]",0
104,10.0,"[5, 9, 1, 2, 8, 2, 10, 2, 8, 2]",1
105,11.0,"[5, 10, 2, 5, 4, 5, 8, 4, 2, 4]",1
106,21.0,"[5, 7, 2, 1, 3, 9, 1, 3, 9, 1]",1
107,22.0,"[7, 1, 5, 9, 5, 4, 5, 4, 7, 9]",1
108,17.0,"[4, 5, 1, 9, 1, 2, 8, 2, 1, 3]",1
109,17.0,"[2, 5, 1, 9, 2, 1, 9, 3, 2, 5]",1
110,18.0," [7, 6, 1, 9, 5, 2, 5, 9, 2, 1]",1
111,23.0,"[6, 5, 7, 5, 1, 5, 5, 5, 1, 9]",1
112,14.0,"[10, 2, 10, 6, 5, 2, 10, 8, 6, 8]",1
113,23.0,"[10, 6, 8, 10, 2, 10, 5, 7, 5, 9]",1
114,2.0,"[9, 5, 1, 1, 5, 7, 7, 5, 2, 6]",0
115,17.0,"[1, 5, 7, 5, 2, 6, 4, 5, 7, 5]",1
116,17.0,"[4, 4, 5, 7, 5, 1, 1, 5, 5, 4]",1
117,17.0,"[0, 1, 0, 5, 9, 5, 4, 5, 4, 2]",0
118,8.0,"[4, 9, 5, 2, 5, 9, 5, 1, 5, 2]",1
119,4.0,"[5, 9, 1, 2, 8, 2, 10, 2, 8, 2]",0
120,5.0,"[5, 10, 2, 5, 4, 5, 8, 4, 2, 4]",0
121,3.0,"[5, 7, 2, 1, 3, 9, 1, 3, 9, 1]",0
122,20.0,"[7, 1, 5, 9, 5, 4, 5, 4, 7, 9]",1
123,22.0,"[4, 5, 1, 9, 1, 2, 8, 2, 1, 3]",1
124,22.0,"[2, 5, 1, 9, 2, 1, 9, 3, 2, 5]",1
125,20.0,"[7, 6, 1, 9, 5, 2, 5, 9, 2, 1]",1
126,15.0,"[5, 2, 5, 3, 7, 10, 8, 2, 8, 5]",1
127,16.0,"[10, 2, 10, 6, 5, 2, 10, 8, 6, 8]",1
128,7.0,"[10, 6, 8, 10, 2, 10, 5, 7, 5, 9]",1
129,14.0,"[6, 5, 1, 7, 5, 1, 5, 1, 9, 5]",0
130,9.0,"[1, 5, 7, 5, 2, 6, 4, 5, 7, 5]",1
131,17.0,"[1, 5, 4, 5, 9, 5, 4, 5, 4, 2]",1
132,16.0,"[4, 9, 5, 2, 5, 9, 5, 1, 5, 2]",1
133,16.0,"[5, 9, 1, 2, 8, 2, 10, 2, 8, 2]",0
134,10.0,"[5, 10, 2, 5, 4, 5, 8, 4, 2, 4]",1
135,11.0,"[5, 7, 2, 1, 3, 9, 1, 3, 9, 1]",1
136,21.0,"[7, 1, 5, 9, 5, 4, 5, 4, 7, 9]",1
137,22.0,"[4, 5, 1, 9, 1, 2, 8, 2, 1, 3]",1
138,17.0,"[2, 5, 1, 9, 2, 1, 9, 3, 2, 5]",1
139,17.0," [7, 6, 1, 9, 5, 2, 5, 9, 2, 1]",1
140,18.0,"[6, 5, 7, 5, 1, 5, 5, 5, 1, 9]",1
141,23.0,"[10, 2, 10, 6, 5, 2, 10, 8, 6, 8]",1
142,14.0,"[10, 6, 8, 10, 2, 10, 5, 7, 5, 9]",1
143,23.0,"[9, 5, 1, 1, 5, 7, 7, 5, 2, 6]",1
144,2.0,"[1, 5, 7, 5, 2, 6, 4, 5, 7, 5]",0
145,17.0,"[4, 4, 5, 7, 5, 1, 1, 5, 5, 4]",1
146,17.0,"[0, 1, 0, 5, 9, 5, 4, 5, 4, 2]",1
147,17.0,"[4, 9, 5, 2, 5, 9, 5, 1, 5, 2]",0
148,8.0,"[5, 9, 1, 2, 8, 2, 10, 2, 8, 2]",1
149,4.0,"[5, 10, 2, 5, 4, 5, 8, 4, 2, 4]",0
150,5.0,"[5, 7, 2, 1, 3, 9, 1, 3, 9, 1]",0
151,3.0,"[7, 1, 5, 9, 5, 4, 5, 4, 7, 9]",0
152,20.0,"[4, 5, 1, 9, 1, 2, 8, 2, 1, 3]",1
153,22.0,"[2, 5, 1, 9, 2, 1, 9, 3, 2, 5]",1
154,22.0,"[7, 6, 1, 9, 5, 2, 5, 9, 2, 1]",1
155,20.0,"[5, 2, 5, 3, 7, 10, 8, 2, 8, 5]",1
156,15.0,"[10, 2, 10, 6, 5, 2, 10, 8, 6, 8]",1
157,16.0,"[10, 6, 8, 10, 2, 10, 5, 7, 5, 9]",1
158,7.0,"[6, 5, 1, 7, 5, 1, 5, 1, 9, 5]",1
159,14.0,"[1, 5, 7, 5, 2, 6, 4, 5, 7, 5]",0
160,9.0,"[1, 5, 4, 5, 9, 5, 4, 5, 4, 2]",1
161,17.0,"[4, 9, 5, 2, 5, 9, 5, 1, 5, 2]",1
162,16.0,"[5, 9, 1, 2, 8, 2, 10, 2, 8, 2]",1
163,16.0,"[5, 10, 2, 5, 4, 5, 8, 4, 2, 4]",0
164,10.0,"[5, 7, 2, 1, 3, 9, 1, 3, 9, 1]",1
165,11.0,"[7, 1, 5, 9, 5, 4, 5, 4, 7, 9]",1
166,21.0,"[4, 5, 1, 9, 1, 2, 8, 2, 1, 3]",1
167,22.0,"[2, 5, 1, 9, 2, 1, 9, 3, 2, 5]",1
168,17.0," [7, 6, 1, 9, 5, 2, 5, 9, 2, 1]",1
169,17.0,"[6, 5, 7, 5, 1, 5, 5, 5, 1, 9]",1
170,18.0,"[10, 2, 10, 6, 5, 2, 10, 8, 6, 8]",1
171,23.0,"[10, 6, 8, 10, 2, 10, 5, 7, 5, 9]",1
172,14.0,"[9, 5, 1, 1, 5, 7, 7, 5, 2, 6]",1
173,23.0,"[1, 5, 7, 5, 2, 6, 4, 5, 7, 5]",1
174,2.0,"[4, 4, 5, 7, 5, 1, 1, 5, 5, 4]",0
175,17.0,"[0, 1, 0, 5, 9, 5, 4, 5, 4, 2]",1
176,17.0,"[4, 9, 5, 2, 5, 9, 5, 1, 5, 2]",1
177,17.0,"[5, 9, 1, 2, 8, 2, 10, 2, 8, 2]",0
178,8.0,"[5, 10, 2, 5, 4, 5, 8, 4, 2, 4]",1
179,4.0,"[5, 7, 2, 1, 3, 9, 1, 3, 9, 1]",0
180,5.0,"[7, 1, 5, 9, 5, 4, 5, 4, 7, 9]",0
181,3.0,"[4, 5, 1, 9, 1, 2, 8, 2, 1, 3]",0
182,20.0,"[2, 5, 1, 9, 2, 1, 9, 3, 2, 5]",1
183,22.0,"[7, 6, 1, 9, 5, 2, 5, 9, 2, 1]",1
184,22.0,"[5, 2, 5, 3, 7, 10, 8, 2, 8, 5]",1
185,20.0,"[10, 2, 10, 6, 5, 2, 10, 8, 6, 8]",1
186,15.0,"[10, 6, 8, 10, 2, 10, 5, 7, 5, 9]",1
187,16.0,"[6, 5, 1, 7, 5, 1, 5, 1, 9, 5]",1
188,7.0,"[1, 5, 7, 5, 2, 6, 4, 5, 7, 5]",1
189,14.0,"[1, 5, 4, 5, 9, 5, 4, 5, 4, 2]",0
190,9.0,"[4, 9, 5, 2, 5, 9, 5, 1, 5, 2]",1
191,17.0,"[5, 9, 1, 2, 8, 2, 10, 2, 8, 2]",1
192,16.0,"[5, 10, 2, 5, 4, 5, 8, 4, 2, 4]",1
193,16.0,"[5, 7, 2, 1, 3, 9, 1, 3, 9, 1]",0
194,10.0,"[7, 1, 5, 9, 5, 4, 5, 4, 7, 9]",1
195,11.0,"[4, 5, 1, 9, 1, 2, 8, 2, 1, 3]",1
196,21.0,"[2, 5, 1, 9, 2, 1, 9, 3, 2, 5]",1
197,22.0," [7, 6, 1, 9, 5, 2, 5, 9, 2, 1]",1
198,17.0,"[6, 5, 7, 5, 1, 5, 5, 5, 1, 9]",1
199,17.0,"[10, 2, 10, 6, 5, 2, 10, 8, 6, 8]",1
200,18.0,"[10, 6, 8, 10, 2, 10, 5, 7, 5, 9]",1
201,23.0,"[9, 5, 1, 1, 5, 7, 7, 5, 2, 6]",1
202,14.0,"[1, 5, 7, 5, 2, 6, 4, 5, 7, 5]",1
203,23.0,"[4, 4, 5, 7, 5, 1, 1, 5, 5, 4]",1
204,2.0,"[0, 1, 0, 5, 9, 5, 4, 5, 4, 2]",0
205,17.0,"[4, 9, 5, 2, 5, 9, 5, 1, 5, 2]",1
206,17.0,"[5, 9, 1, 2, 8, 2, 10, 2, 8, 2]",1
207,17.0,"[5, 10, 2, 5, 4, 5, 8, 4, 2, 4]",0
208,8.0,"[5, 7, 2, 1, 3, 9, 1, 3, 9, 1]",1
209,4.0,"[7, 1, 5, 9, 5, 4, 5, 4, 7, 9]",0
210,5.0,"[4, 5, 1, 9, 1, 2, 8, 2, 1, 3]",0
211,3.0,"[2, 5, 1, 9, 2, 1, 9, 3, 2, 5]",0
212,20.0,"[7, 6, 1, 9, 5, 2, 5, 9, 2, 1]",1
213,22.0,"[5, 2, 5, 3, 7, 10, 8, 2, 8, 5]",1
214,22.0,"[10, 2, 10, 6, 5, 2, 10, 8, 6, 8]",1
215,20.0,"[10, 6, 8, 10, 2, 10, 5, 7, 5, 9]",1
216,15.0,"[6, 5, 1, 7, 5, 1, 5, 1, 9, 5]",1
217,16.0,"[1, 5, 7, 5, 2, 6, 4, 5, 7, 5]",1
218,7.0,"[1, 5, 4, 5, 9, 5, 4, 5, 4, 2]",1
219,14.0,"[4, 9, 5, 2, 5, 9, 5, 1, 5, 2]",0
220,9.0,"[5, 9, 1, 2, 8, 2, 10, 2, 8, 2]",1
221,17.0,"[5, 10, 2, 5, 4, 5, 8, 4, 2, 4]",1
222,16.0,"[5, 7, 2, 1, 3, 9, 1, 3, 9, 1]",1
223,16.0,"[7, 1, 5, 9, 5, 4, 5, 4, 7, 9]",0
224,10.0,"[4, 5, 1, 9, 1, 2, 8, 2, 1, 3]",1
225,11.0,"[2, 5, 1, 9, 2, 1, 9, 3, 2, 5]",1
226,21.0," [7, 6, 1, 9, 5, 2, 5, 9, 2, 1]",1
227,22.0,"[6, 5, 7, 5, 1, 5, 5, 5, 1, 9]",1
228,17.0,"[10, 2, 10, 6, 5, 2, 10, 8, 6, 8]",1
229,17.0,"[10, 6, 8, 10, 2, 10, 5, 7, 5, 9]",1
230,18.0,"[9, 5, 1, 1, 5, 7, 7, 5, 2, 6]",1
231,23.0,"[1, 5, 7, 5, 2, 6, 4, 5, 7, 5]",1
232,14.0,"[4, 4, 5, 7, 5, 1, 1, 5, 5, 4]",1
233,23.0,"[0, 1, 0, 5, 9, 5, 4, 5, 4, 2]",1
234,2.0,"[4, 9, 5, 2, 5, 9, 5, 1, 5, 2]",0
235,17.0,"[5, 9, 1, 2, 8, 2, 10, 2, 8, 2]",1
236,17.0,"[5, 10, 2, 5, 4, 5, 8, 4, 2, 4]",1
237,17.0,"[5, 7, 2, 1, 3, 9, 1, 3, 9, 1]",0
238,8.0,"[7, 1, 5, 9, 5, 4, 5, 4, 7, 9]",1
239,4.0,"[4, 5, 1, 9, 1, 2, 8, 2, 1, 3]",0
240,5.0,"[2, 5, 1, 9, 2, 1, 9, 3, 2, 5]",0
241,3.0,"[7, 6, 1, 9, 5, 2, 5, 9, 2, 1]",0
242,20.0,"[5, 2, 5, 3, 7, 10, 8, 2, 8, 5]",1
243,22.0,"[10, 2, 10, 6, 5, 2, 10, 8, 6, 8]",1
244,22.0,"[10, 6, 8, 10, 2, 10, 5, 7, 5, 9]",1
245,20.0,"[6, 5, 1, 7, 5, 1, 5, 1, 9, 5]",1
246,15.0,"[1, 5, 7, 5, 2, 6, 4, 5, 7, 5]",1
247,16.0,"[1, 5, 4, 5, 9, 5, 4, 5, 4, 2]",1
248,7.0,"[4, 9, 5, 2, 5, 9, 5, 1, 5, 2]",1
249,14.0,"[5, 9, 1, 2, 8, 2, 10, 2, 8, 2]",0
250,9.0,"[5, 10, 2, 5, 4, 5, 8, 4, 2, 4]",1
251,17.0,"[5, 7, 2, 1, 3, 9, 1, 3, 9, 1]",1
252,16.0,"[7, 1, 5, 9, 5, 4, 5, 4, 7, 9]",1
253,16.0,"[4, 5, 1, 9, 1, 2, 8, 2, 1, 3]",0
254,10.0,"[2, 5, 1, 9, 2, 1, 9, 3, 2, 5]",1
255,11.0," [7, 6, 1, 9, 5, 2, 5, 9, 2, 1]",1
256,21.0,"[6, 5, 7, 5, 1, 5, 5, 5, 1, 9]",1
257,22.0,"[10, 2, 10, 6, 5, 2, 10, 8, 6, 8]",1
258,17.0,"[10, 6, 8, 10, 2, 10, 5, 7, 5, 9]",1
259,17.0,"[9, 5, 1, 1, 5, 7, 7, 5, 2, 6]",1
260,18.0,"[1, 5, 7, 5, 2, 6, 4, 5, 7, 5]",1
261,23.0,"[4, 4, 5, 7, 5, 1, 1, 5, 5, 4]",1
262,14.0,"[0, 1, 0, 5, 9, 5, 4, 5, 4, 2]",1
263,23.0,"[4, 9, 5, 2, 5, 9, 5, 1, 5, 2]",1
264,2.0,"[5, 9, 1, 2, 8, 2, 10, 2, 8, 2]",0
265,17.0,"[5, 10, 2, 5, 4, 5, 8, 4, 2, 4]",1
266,17.0,"[5, 7, 2, 1, 3, 9, 1, 3, 9, 1]",1
267,17.0,"[7, 1, 5, 9, 5, 4, 5, 4, 7, 9]",0
268,8.0,"[4, 5, 1, 9, 1, 2, 8, 2, 1, 3]",1
269,4.0,"[2, 5, 1, 9, 2, 1, 9, 3, 2, 5]",0
270,5.0,"[7, 6, 1, 9, 5, 2, 5, 9, 2, 1]",0
271,3.0,"[5, 2, 5, 3, 7, 10, 8, 2, 8, 5]",0
272,20.0,"[10, 2, 10, 6, 5, 2, 10, 8, 6, 8]",1
273,22.0,"[10, 6, 8, 10, 2, 10, 5, 7, 5, 9]",1
274,22.0,"[6, 5, 1, 7, 5, 1, 5, 1, 9, 5]",1
275,20.0,"[1, 5, 7, 5, 2, 6, 4, 5, 7, 5]",1
276,15.0,"[1, 5, 4, 5, 9, 5, 4, 5, 4, 2]",1
277,16.0,"[4, 9, 5, 2, 5, 9, 5, 1, 5, 2]",1
278,7.0,"[5, 9, 1, 2, 8, 2, 10, 2, 8, 2]",1
279,14.0,"[5, 10, 2, 5, 4, 5, 8, 4, 2, 4]",0
280,9.0,"[5, 7, 2, 1, 3, 9, 1, 3, 9, 1]",1
281,17.0,"[7, 1, 5, 9, 5, 4, 5, 4, 7, 9]",1
282,16.0,"[4, 5, 1, 9, 1, 2, 8, 2, 1, 3]",1
283,16.0,"[2, 5, 1, 9, 2, 1, 9, 3, 2, 5]",0
284,10.0," [7, 6, 1, 9, 5, 2, 5, 9, 2, 1]",1
285,11.0,"[6, 5, 7, 5, 1, 5, 5, 5, 1, 9]",1
286,21.0,"[10, 2, 10, 6, 5, 2, 10, 8, 6, 8]",1
287,22.0,"[10, 6, 8, 10, 2, 10, 5, 7, 5, 9]",1
288,17.0,"[9, 5, 1, 1, 5, 7, 7, 5, 2, 6]",1
289,17.0,"[1, 5, 7, 5, 2, 6, 4, 5, 7, 5]",1
290,18.0,"[4, 4, 5, 7, 5, 1, 1, 5, 5, 4]",1
291,23.0,"[0, 1, 0, 5, 9, 5, 4, 5, 4, 2]",1
292,14.0,"[4, 9, 5, 2, 5, 9, 5, 1, 5, 2]",1
293,23.0,"[5, 9, 1, 2, 8, 2, 10, 2, 8, 2]",1
294,2.0,"[5, 10, 2, 5, 4, 5, 8, 4, 2, 4]",0
295,17.0,"[5, 7, 2, 1, 3, 9, 1, 3, 9, 1]",1
296,17.0,"[7, 1, 5, 9, 5, 4, 5, 4, 7, 9]",1
297,17.0,"[4, 5, 1, 9, 1, 2, 8, 2, 1, 3]",0
298,8.0,"[2, 5, 1, 9, 2, 1, 9, 3, 2, 5]",1
299,4.0,"[7, 6, 1, 9, 5, 2, 5, 9, 2, 1]",0
300,5.0,"[5, 2, 5, 3, 7, 10, 8, 2, 8, 5]",0
301,3.0,"[10, 2, 10, 6, 5, 2, 10, 8, 6, 8]",0
302,20.0,"[10, 6, 8, 10, 2, 10, 5, 7, 5, 9]",1
303,22.0,"[6, 5, 1, 7, 5, 1, 5, 1, 9, 5]",1
304,22.0,"[1, 5, 7, 5, 2, 6, 4, 5, 7, 5]",1
305,20.0,"[1, 5, 4, 5, 9, 5, 4, 5, 4, 2]",1
306,15.0,"[4, 9, 5, 2, 5, 9, 5, 1, 5, 2]",1
307,16.0,"[5, 9, 1, 2, 8, 2, 10, 2, 8, 2]",1
308,7.0,"[5, 10, 2, 5, 4, 5, 8, 4, 2, 4]",1
309,14.0,"[5, 7, 2, 1, 3, 9, 1, 3, 9, 1]",0
310,9.0,"[7, 1, 5, 9, 5, 4, 5, 4, 7, 9]",1
311,17.0,"[4, 5, 1, 9, 1, 2, 8, 2, 1, 3]",1
312,16.0,"[2, 5, 1, 9, 2, 1, 9, 3, 2, 5]",1
313,16.0," [7, 6, 1, 9, 5, 2, 5, 9, 2, 1]",0
314,10.0,"[6, 5, 7, 5, 1, 5, 5, 5, 1, 9]",1
315,11.0,"[10, 2, 10, 6, 5, 2, 10, 8, 6, 8]",1
316,21.0,"[10, 6, 8, 10, 2, 10, 5, 7, 5, 9]",1
317,22.0,"[9, 5, 1, 1, 5, 7, 7, 5, 2, 6]",1
318,17.0,"[1, 5, 7, 5, 2, 6, 4, 5, 7, 5]",1
319,17.0,"[4, 4, 5, 7, 5, 1, 1, 5, 5, 4]",1
320,18.0,"[0, 1, 0, 5, 9, 5, 4, 5, 4, 2]",1
321,23.0,"[4, 9, 5, 2, 5, 9, 5, 1, 5, 2]",1
322,14.0,"[5, 9, 1, 2, 8, 2, 10, 2, 8, 2]",1
323,23.0,"[5, 10, 2, 5, 4, 5, 8, 4, 2, 4]",1
324,2.0,"[5, 7, 2, 1, 3, 9, 1, 3, 9, 1]",0
325,17.0,"[7, 1, 5, 9, 5, 4, 5, 4, 7, 9]",1
326,17.0,"[4, 5, 1, 9, 1, 2, 8, 2, 1, 3]",1
327,17.0,"[2, 5, 1, 9, 2, 1, 9, 3, 2, 5]",0
328,8.0,"[7, 6, 1, 9, 5, 2, 5, 9, 2, 1]",1
329,4.0,"[5, 2, 5, 3, 7, 10, 8, 2, 8, 5]",0
330,5.0,"[10, 2, 10, 6, 5, 2, 10, 8, 6, 8]",0
331,3.0,"[10, 6, 8, 10, 2, 10, 5, 7, 5, 9]",0
332,20.0,"[6, 5, 1, 7, 5, 1, 5, 1, 9, 5]",1
333,22.0,"[1, 5, 7, 5, 2, 6, 4, 5, 7, 5]",1
334,22.0,"[1, 5, 4, 5, 9, 5, 4, 5, 4, 2]",1
335,20.0,"[4, 9, 5, 2, 5, 9, 5, 1, 5, 2]",1
336,15.0,"[5, 9, 1, 2, 8, 2, 10, 2, 8, 2]",1
337,16.0,"[5, 10, 2, 5, 4, 5, 8, 4, 2, 4]",1
338,7.0,"[5, 7, 2, 1, 3, 9, 1, 3, 9, 1]",1
339,14.0,"[7, 1, 5, 9, 5, 4, 5, 4, 7, 9]",0
340,9.0,"[4, 5, 1, 9, 1, 2, 8, 2, 1, 3]",1
341,17.0,"[2, 5, 1, 9, 2, 1, 9, 3, 2, 5]",1
342,16.0," [7, 6, 1, 9, 5, 2, 5, 9, 2, 1]",1
343,16.0,"[6, 5, 7, 5, 1, 5, 5, 5, 1, 9]",0
344,10.0,"[10, 2, 10, 6, 5, 2, 10, 8, 6, 8]",1
345,11.0,"[10, 6, 8, 10, 2, 10, 5, 7, 5, 9]",1
346,21.0,"[9, 5, 1, 1, 5, 7, 7, 5, 2, 6]",1
347,22.0,"[1, 5, 7, 5, 2, 6, 4, 5, 7, 5]",1
348,17.0,"[4, 4, 5, 7, 5, 1, 1, 5, 5, 4]",1
349,17.0,"[0, 1, 0, 5, 9, 5, 4, 5, 4, 2]",1
350,18.0,"[4, 9, 5, 2, 5, 9, 5, 1, 5, 2]",1
351,23.0,"[5, 9, 1, 2, 8, 2, 10, 2, 8, 2]",1
352,14.0,"[5, 10, 2, 5, 4, 5, 8, 4, 2, 4]",1
353,23.0,"[5, 7, 2, 1, 3, 9, 1, 3, 9, 1]",1
354,2.0,"[7, 1, 5, 9, 5, 4, 5, 4, 7, 9]",0
355,17.0,"[4, 5, 1, 9, 1, 2, 8, 2, 1, 3]",1
356,17.0,"[2, 5, 1, 9, 2, 1, 9, 3, 2, 5]",1
357,17.0,"[7, 6, 1, 9, 5, 2, 5, 9, 2, 1]",0
358,8.0,"[5, 2, 5, 3, 7, 10, 8, 2, 8, 5]",1
359,4.0,"[10, 2, 10, 6, 5, 2, 10, 8, 6, 8]",0
360,5.0,"[10, 6, 8, 10, 2, 10, 5, 7, 5, 9]",0
361,3.0,"[6, 5, 1, 7, 5, 1, 5, 1, 9, 5]",0
362,20.0,"[1, 5, 7, 5, 2, 6, 4, 5, 7, 5]",1
363,22.0,"[1, 5, 4, 5, 9, 5, 4, 5, 4, 2]",1
364,22.0,"[4, 9, 5, 2, 5, 9, 5, 1, 5, 2]",1
365,20.0,"[5, 9, 1, 2, 8, 2, 10, 2, 8, 2]",1
366,15.0,"[5, 10, 2, 5, 4, 5, 8, 4, 2, 4]",1
367,16.0,"[5, 7, 2, 1, 3, 9, 1, 3, 9, 1]",1
368,7.0,"[7, 1, 5, 9, 5, 4, 5, 4, 7, 9]",1
369,14.0,"[4, 5, 1, 9, 1, 2, 8, 2, 1, 3]",0
370,9.0,"[2, 5, 1, 9, 2, 1, 9, 3, 2, 5]",1
371,17.0," [7, 6, 1, 9, 5, 2, 5, 9, 2, 1]",1
372,16.0,"[6, 5, 7, 5, 1, 5, 5, 5, 1, 9]",1
373,16.0,"[10, 2, 10, 6, 5, 2, 10, 8, 6, 8]",0
374,10.0,"[10, 6, 8, 10, 2, 10, 5, 7, 5, 9]",1
375,11.0,"[9, 5, 1, 1, 5, 7, 7, 5, 2, 6]",1
376,21.0,"[1, 5, 7, 5, 2, 6, 4, 5, 7, 5]",1
377,22.0,"[4, 4, 5, 7, 5, 1, 1, 5, 5, 4]",1
378,17.0,"[0, 1, 0, 5, 9, 5, 4, 5, 4, 2]",1
379,17.0,"[4, 9, 5, 2, 5, 9, 5, 1, 5, 2]",1
380,18.0,"[5, 9, 1, 2, 8, 2, 10, 2, 8, 2]",1
381,23.0,"[5, 10, 2, 5, 4, 5, 8, 4, 2, 4]",1
382,14.0,"[5, 7, 2, 1, 3, 9, 1, 3, 9, 1]",1
383,23.0,"[7, 1, 5, 9, 5, 4, 5, 4, 7, 9]",1
384,2.0,"[4, 5, 1, 9, 1, 2, 8, 2, 1, 3]",0
385,17.0,"[2, 5, 1, 9, 2, 1, 9, 3, 2, 5]",1
386,17.0,"[7, 6, 1, 9, 5, 2, 5, 9, 2, 1]",1
387,17.0,"[5, 2, 5, 3, 7, 10, 8, 2, 8, 5]",0
388,8.0,"[10, 2, 10, 6, 5, 2, 10, 8, 6, 8]",1
389,4.0,"[10, 6, 8, 10, 2, 10, 5, 7, 5, 9]",0
390,5.0,"[6, 5, 1, 7, 5, 1, 5, 1, 9, 5]",0
391,3.0,"[1, 5, 7, 5, 2, 6, 4, 5, 7, 5]",0
392,20.0,"[1, 5, 4, 5, 9, 5, 4, 5, 4, 2]",1
393,22.0,"[4, 9, 5, 2, 5, 9, 5, 1, 5, 2]",1
394,22.0,"[5, 9, 1, 2, 8, 2, 10, 2, 8, 2]",1
395,20.0,"[5, 10, 2, 5, 4, 5, 8, 4, 2, 4]",1
396,15.0,"[5, 7, 2, 1, 3, 9, 1, 3, 9, 1]",1
397,16.0,"[7, 1, 5, 9, 5, 4, 5, 4, 7, 9]",1
398,7.0,"[4, 5, 1, 9, 1, 2, 8, 2, 1, 3]",1
399,14.0,"[2, 5, 1, 9, 2, 1, 9, 3, 2, 5]",0
400,9.0," [7, 6, 1, 9, 5, 2, 5, 9, 2, 1]",1
401,17.0,"[6, 5, 7, 5, 1, 5, 5, 5, 1, 9]",1
402,16.0,"[10, 2, 10, 6, 5, 2, 10, 8, 6, 8]",1
403,16.0,"[10, 6, 8, 10, 2, 10, 5, 7, 5, 9]",0
404,10.0,"[9, 5, 1, 1, 5, 7, 7, 5, 2, 6]",1
405,11.0,"[1, 5, 7, 5, 2, 6, 4, 5, 7, 5]",1
406,21.0,"[4, 4, 5, 7, 5, 1, 1, 5, 5, 4]",1
407,22.0,"[0, 1, 0, 5, 9, 5, 4, 5, 4, 2]",1
408,17.0,"[4, 9, 5, 2, 5, 9, 5, 1, 5, 2]",1
409,17.0,"[5, 9, 1, 2, 8, 2, 10, 2, 8, 2]",1
410,18.0,"[5, 10, 2, 5, 4, 5, 8, 4, 2, 4]",1
411,23.0,"[5, 7, 2, 1, 3, 9, 1, 3, 9, 1]",1
412,14.0,"[7, 1, 5, 9, 5, 4, 5, 4, 7, 9]",1
413,23.0,"[4, 5, 1, 9, 1, 2, 8, 2, 1, 3]",1
414,2.0,"[2, 5, 1, 9, 2, 1, 9, 3, 2, 5]",0
415,17.0,"[7, 6, 1, 9, 5, 2, 5, 9, 2, 1]",1
416,17.0,"[5, 2, 5, 3, 7, 10, 8, 2, 8, 5]",1
417,17.0,"[10, 2, 10, 6, 5, 2, 10, 8, 6, 8]",0
418,8.0,"[10, 6, 8, 10, 2, 10, 5, 7, 5, 9]",1
419,4.0,"[6, 5, 1, 7, 5, 1, 5, 1, 9, 5]",0
420,5.0,"[1, 5, 7, 5, 2, 6, 4, 5, 7, 5]",0
421,3.0,"[1, 5, 4, 5, 9, 5, 4, 5, 4, 2]",0
422,20.0,"[4, 9, 5, 2, 5, 9, 5, 1, 5, 2]",1
423,22.0,"[5, 9, 1, 2, 8, 2, 10, 2, 8, 2]",1
424,22.0,"[5, 10, 2, 5, 4, 5, 8, 4, 2, 4]",1
425,20.0,"[5, 7, 2, 1, 3, 9, 1, 3, 9, 1]",1
426,15.0,"[7, 1, 5, 9, 5, 4, 5, 4, 7, 9]",1
427,16.0,"[4, 5, 1, 9, 1, 2, 8, 2, 1, 3]",1
428,7.0,"[2, 5, 1, 9, 2, 1, 9, 3, 2, 5]",1
429,14.0," [7, 6, 1, 9, 5, 2, 5, 9, 2, 1]",0
430,9.0,"[6, 5, 7, 5, 1, 5, 5, 5, 1, 9]",1
431,17.0,"[10, 2, 10, 6, 5, 2, 10, 8, 6, 8]",1
432,16.0,"[10, 6, 8, 10, 2, 10, 5, 7, 5, 9]",1
433,16.0,"[9, 5, 1, 1, 5, 7, 7, 5, 2, 6]",0
434,10.0,"[1, 5, 7, 5, 2, 6, 4, 5, 7, 5]",1
435,11.0,"[4, 4, 5, 7, 5, 1, 1, 5, 5, 4]",1
436,21.0,"[0, 1, 0, 5, 9, 5, 4, 5, 4, 2]",1
437,22.0,"[4, 9, 5, 2, 5, 9, 5, 1, 5, 2]",1
438,17.0,"[5, 9, 1, 2, 8, 2, 10, 2, 8, 2]",1
439,17.0,"[5, 10, 2, 5, 4, 5, 8, 4, 2, 4]",1
440,18.0,"[5, 7, 2, 1, 3, 9, 1, 3, 9, 1]",1
441,23.0,"[7, 1, 5, 9, 5, 4, 5, 4, 7, 9]",1
442,14.0,"[4, 5, 1, 9, 1, 2, 8, 2, 1, 3]",1
443,23.0,"[2, 5, 1, 9, 2, 1, 9, 3, 2, 5]",1
444,2.0,"[7, 6, 1, 9, 5, 2, 5, 9, 2, 1]",0
445,17.0,"[5, 2, 5, 3, 7, 10, 8, 2, 8, 5]",1
446,17.0,"[10, 2, 10, 6, 5, 2, 10, 8, 6, 8]",1
447,17.0,"[10, 6, 8, 10, 2, 10, 5, 7, 5, 9]",0
448,8.0,"[6, 5, 1, 7, 5, 1, 5, 1, 9, 5]",1
449,4.0,"[1, 5, 7, 5, 2, 6, 4, 5, 7, 5]",0
450,5.0,"[1, 5, 4, 5, 9, 5, 4, 5, 4, 2]",0
451,3.0,"[4, 9, 5, 2, 5, 9, 5, 1, 5, 2]",0
452,20.0,"[5, 9, 1, 2, 8, 2, 10, 2, 8, 2]",1
453,22.0,"[5, 10, 2, 5, 4, 5, 8, 4, 2, 4]",1
454,22.0,"[5, 7, 2, 1, 3, 9, 1, 3, 9, 1]",1
455,20.0,"[7, 1, 5, 9, 5, 4, 5, 4, 7, 9]",1
456,15.0,"[4, 5, 1, 9, 1, 2, 8, 2, 1, 3]",1
457,16.0,"[2, 5, 1, 9, 2, 1, 9, 3, 2, 5]",1
458,7.0," [7, 6, 1, 9, 5, 2, 5, 9, 2, 1]",1
459,14.0,"[6, 5, 7, 5, 1, 5, 5, 5, 1, 9]",0
460,9.0,"[10, 2, 10, 6, 5, 2, 10, 8, 6, 8]",1
461,17.0,"[10, 6, 8, 10, 2, 10, 5, 7, 5, 9]",1
462,16.0,"[9, 5, 1, 1, 5, 7, 7, 5, 2, 6]",1
463,16.0,"[1, 5, 7, 5, 2, 6, 4, 5, 7, 5]",0
464,10.0,"[4, 4, 5, 7, 5, 1, 1, 5, 5, 4]",1
465,11.0,"[0, 1, 0, 5, 9, 5, 4, 5, 4, 2]",1
466,21.0,"[4, 9, 5, 2, 5, 9, 5, 1, 5, 2]",1
467,22.0,"[5, 9, 1, 2, 8, 2, 10, 2, 8, 2]",1
468,17.0,"[5, 10, 2, 5, 4, 5, 8, 4, 2, 4]",1
469,17.0,"[5, 7, 2, 1, 3, 9, 1, 3, 9, 1]",1
470,18.0,"[7, 1, 5, 9, 5, 4, 5, 4, 7, 9]",1
471,23.0,"[4, 5, 1, 9, 1, 2, 8, 2, 1, 3]",1
472,14.0,"[2, 5, 1, 9, 2, 1, 9, 3, 2, 5]",1
473,23.0,"[7, 6, 1, 9, 5, 2, 5, 9, 2, 1]",1
474,2.0,"[5, 2, 5, 3, 7, 10, 8, 2, 8, 5]",0
475,17.0,"[10, 2, 10, 6, 5, 2, 10, 8, 6, 8]",1
476,17.0,"[10, 6, 8, 10, 2, 10, 5, 7, 5, 9]",1
477,17.0,"[6, 5, 1, 7, 5, 1, 5, 1, 9, 5]",0
478,8.0,"[1, 5, 7, 5, 2, 6, 4, 5, 7, 5]",1
479,4.0,"[1, 5, 4, 5, 9, 5, 4, 5, 4, 2]",0
480,5.0,"[4, 9, 5, 2, 5, 9, 5, 1, 5, 2]",0
481,3.0,"[5, 9, 1, 2, 8, 2, 10, 2, 8, 2]",0
482,20.0,"[5, 10, 2, 5, 4, 5, 8, 4, 2, 4]",1
483,22.0,"[5, 7, 2, 1, 3, 9, 1, 3, 9, 1]",1
484,22.0,"[7, 1, 5, 9, 5, 4, 5, 4, 7, 9]",1
485,20.0,"[4, 5, 1, 9, 1, 2, 8, 2, 1, 3]",1
486,15.0,"[2, 5, 1, 9, 2, 1, 9, 3, 2, 5]",1
487,16.0," [7, 6, 1, 9, 5, 2, 5, 9, 2, 1]",1
488,7.0,"[6, 5, 7, 5, 1, 5, 5, 5, 1, 9]",1
489,14.0,"[10, 2, 10, 6, 5, 2, 10, 8, 6, 8]",0
490,9.0,"[10, 6, 8, 10, 2, 10, 5, 7, 5, 9]",1
491,17.0,"[9, 5, 1, 1, 5, 7, 7, 5, 2, 6]",1
492,16.0,"[1, 5, 7, 5, 2, 6, 4, 5, 7, 5]",1
493,16.0,"[4, 4, 5, 7, 5, 1, 1, 5, 5, 4]",0
494,10.0,"[0, 1, 0, 5, 9, 5, 4, 5, 4, 2]",1
495,11.0,"[4, 9, 5, 2, 5, 9, 5, 1, 5, 2]",1
496,21.0,"[5, 9, 1, 2, 8, 2, 10, 2, 8, 2]",1
497,22.0,"[5, 10, 2, 5, 4, 5, 8, 4, 2, 4]",1
498,17.0,"[5, 7, 2, 1, 3, 9, 1, 3, 9, 1]",1
499,17.0,"[7, 1, 5, 9, 5, 4, 5, 4, 7, 9]",1
500,18.0,"[4, 5, 1, 9, 1, 2, 8, 2, 1, 3]",1
501,23.0,"[2, 5, 1, 9, 2, 1, 9, 3, 2, 5]",1
502,14.0,"[7, 6, 1, 9, 5, 2, 5, 9, 2, 1]",1
503,23.0,"[5, 2, 5, 3, 7, 10, 8, 2, 8, 5]",1
504,2.0,"[10, 2, 10, 6, 5, 2, 10, 8, 6, 8]",0
505,17.0,"[10, 6, 8, 10, 2, 10, 5, 7, 5, 9]",1
506,17.0,"[6, 5, 1, 7, 5, 1, 5, 1, 9, 5]",1
507,17.0,"[1, 5, 7, 5, 2, 6, 4, 5, 7, 5]",0
508,8.0,"[1, 5, 4, 5, 9, 5, 4, 5, 4, 2]",1
509,4.0,"[4, 9, 5, 2, 5, 9, 5, 1, 5, 2]",0
510,5.0,"[5, 9, 1, 2, 8, 2, 10, 2, 8, 2]",0
511,3.0,"[5, 10, 2, 5, 4, 5, 8, 4, 2, 4]",0
512,20.0,"[5, 7, 2, 1, 3, 9, 1, 3, 9, 1]",1
513,22.0,"[7, 1, 5, 9, 5, 4, 5, 4, 7, 9]",1
514,22.0,"[4, 5, 1, 9, 1, 2, 8, 2, 1, 3]",1
515,20.0,"[2, 5, 1, 9, 2, 1, 9, 3, 2, 5]",1
516,15.0," [7, 6, 1, 9, 5, 2, 5, 9, 2, 1]",1
517,16.0,"[6, 5, 7, 5, 1, 5, 5, 5, 1, 9]",1
518,7.0,"[10, 2, 10, 6, 5, 2, 10, 8, 6, 8]",1
519,14.0,"[10, 6, 8, 10, 2, 10, 5, 7, 5, 9]",0
520,9.0,"[9, 5, 1, 1, 5, 7, 7, 5, 2, 6]",1
521,17.0,"[1, 5, 7, 5, 2, 6, 4, 5, 7, 5]",1
522,16.0,"[4, 4, 5, 7, 5, 1, 1, 5, 5, 4]",1
523,16.0,"[0, 1, 0, 5, 9, 5, 4, 5, 4, 2]",0
524,10.0,"[4, 9, 5, 2, 5, 9, 5, 1, 5, 2]",1
525,11.0,"[5, 9, 1, 2, 8, 2, 10, 2, 8, 2]",1
526,21.0,"[5, 10, 2, 5, 4, 5, 8, 4, 2, 4]",1
527,22.0,"[5, 7, 2, 1, 3, 9, 1, 3, 9, 1]",1
528,17.0,"[7, 1, 5, 9, 5, 4, 5, 4, 7, 9]",1
529,17.0,"[4, 5, 1, 9, 1, 2, 8, 2, 1, 3]",1
530,18.0,"[2, 5, 1, 9, 2, 1, 9, 3, 2, 5]",1
531,23.0,"[7, 6, 1, 9, 5, 2, 5, 9, 2, 1]",1
532,14.0,"[5, 2, 5, 3, 7, 10, 8, 2, 8, 5]",1
533,23.0,"[10, 2, 10, 6, 5, 2, 10, 8, 6, 8]",1
534,2.0,"[10, 6, 8, 10, 2, 10, 5, 7, 5, 9]",0
535,17.0,"[6, 5, 1, 7, 5, 1, 5, 1, 9, 5]",1
536,17.0,"[1, 5, 7, 5, 2, 6, 4, 5, 7, 5]",1
537,17.0,"[1, 5, 4, 5, 9, 5, 4, 5, 4, 2]",0
538,8.0,"[4, 9, 5, 2, 5, 9, 5, 1, 5, 2]",1
539,4.0,"[5, 9, 1, 2, 8, 2, 10, 2, 8, 2]",0
540,5.0,"[5, 10, 2, 5, 4, 5, 8, 4, 2, 4]",0
541,3.0,"[5, 7, 2, 1, 3, 9, 1, 3, 9, 1]",0
542,20.0,"[7, 1, 5, 9, 5, 4, 5, 4, 7, 9]",1
543,22.0,"[4, 5, 1, 9, 1, 2, 8, 2, 1, 3]",1
544,22.0,"[2, 5, 1, 9, 2, 1, 9, 3, 2, 5]",1
545,20.0," [7, 6, 1, 9, 5, 2, 5, 9, 2, 1]",1
546,15.0,"[6, 5, 7, 5, 1, 5, 5, 5, 1, 9]",1
547,16.0,"[10, 2, 10, 6, 5, 2, 10, 8, 6, 8]",1
548,7.0,"[10, 6, 8, 10, 2, 10, 5, 7, 5, 9]",1
549,14.0,"[9, 5, 1, 1, 5, 7, 7, 5, 2, 6]",0
550,9.0,"[1, 5, 7, 5, 2, 6, 4, 5, 7, 5]",1
551,17.0,"[4, 4, 5, 7, 5, 1, 1, 5, 5, 4]",1
552,16.0,"[0, 1, 0, 5, 9, 5, 4, 5, 4, 2]",1
553,16.0,"[4, 9, 5, 2, 5, 9, 5, 1, 5, 2]",0
554,10.0,"[5, 9, 1, 2, 8, 2, 10, 2, 8, 2]",1
555,11.0,"[5, 10, 2, 5, 4, 5, 8, 4, 2, 4]",1
556,21.0,"[5, 7, 2, 1, 3, 9, 1, 3, 9, 1]",1
557,22.0,"[7, 1, 5, 9, 5, 4, 5, 4, 7, 9]",1
558,17.0,"[4, 5, 1, 9, 1, 2, 8, 2, 1, 3]",1
559,17.0,"[2, 5, 1, 9, 2, 1, 9, 3, 2, 5]",1
560,18.0,"[7, 6, 1, 9, 5, 2, 5, 9, 2, 1]",1
561,23.0,"[5, 2, 5, 3, 7, 10, 8, 2, 8, 5]",1
562,14.0,"[10, 2, 10, 6, 5, 2, 10, 8, 6, 8]",1
563,23.0,"[10, 6, 8, 10, 2, 10, 5, 7, 5, 9]",1
564,2.0,"[6, 5, 1, 7, 5, 1, 5, 1, 9, 5]",0
565,17.0,"[1, 5, 7, 5, 2, 6, 4, 5, 7, 5]",1
566,17.0,"[1, 5, 4, 5, 9, 5, 4, 5, 4, 2]",1
567,17.0,"[4, 9, 5, 2, 5, 9, 5, 1, 5, 2]",0
568,8.0,"[5, 9, 1, 2, 8, 2, 10, 2, 8, 2]",1
569,4.0,"[5, 10, 2, 5, 4, 5, 8, 4, 2, 4]",0
570,5.0,"[5, 7, 2, 1, 3, 9, 1, 3, 9, 1]",0
571,3.0,"[7, 1, 5, 9, 5, 4, 5, 4, 7, 9]",0
572,20.0,"[4, 5, 1, 9, 1, 2, 8, 2, 1, 3]",1
573,22.0,"[2, 5, 1, 9, 2, 1, 9, 3, 2, 5]",1
574,22.0," [7, 6, 1, 9, 5, 2, 5, 9, 2, 1]",1
575,20.0,"[6, 5, 7, 5, 1, 5, 5, 5, 1, 9]",1
576,15.0,"[10, 2, 10, 6, 5, 2, 10, 8, 6, 8]",1
577,16.0,"[10, 6, 8, 10, 2, 10, 5, 7, 5, 9]",1
578,7.0,"[9, 5, 1, 1, 5, 7, 7, 5, 2, 6]",1
579,14.0,"[1, 5, 7, 5, 2, 6, 4, 5, 7, 5]",0
580,9.0,"[4, 4, 5, 7, 5, 1, 1, 5, 5, 4]",1
581,17.0,"[0, 1, 0, 5, 9, 5, 4, 5, 4, 2]",1
582,16.0,"[4, 9, 5, 2, 5, 9, 5, 1, 5, 2]",1
583,16.0,"[5, 9, 1, 2, 8, 2, 10, 2, 8, 2]",0
584,10.0,"[5, 10, 2, 5, 4, 5, 8, 4, 2, 4]",1
585,11.0,"[5, 7, 2, 1, 3, 9, 1, 3, 9, 1]",1
586,21.0,"[7, 1, 5, 9, 5, 4, 5, 4, 7, 9]",1
587,22.0,"[4, 5, 1, 9, 1, 2, 8, 2, 1, 3]",1
588,17.0,"[2, 5, 1, 9, 2, 1, 9, 3, 2, 5]",1
589,17.0,"[7, 6, 1, 9, 5, 2, 5, 9, 2, 1]",1
590,18.0,"[5, 2, 5, 3, 7, 10, 8, 2, 8, 5]",1
591,23.0,"[10, 2, 10, 6, 5, 2, 10, 8, 6, 8]",1
592,14.0,"[10, 6, 8, 10, 2, 10, 5, 7, 5, 9]",1
593,23.0,"[6, 5, 1, 7, 5, 1, 5, 1, 9, 5]",1
594,2.0,"[1, 5, 7, 5, 2, 6, 4, 5, 7, 5]",0
595,17.0,"[1, 5, 4, 5, 9, 5, 4, 5, 4, 2]",1
596,17.0,"[4, 9, 5, 2, 5, 9, 5, 1, 5, 2]",1
597,17.0,"[5, 9, 1, 2, 8, 2, 10, 2, 8, 2]",0
598,8.0,"[5, 10, 2, 5, 4, 5, 8, 4, 2, 4]",1
599,4.0,"[5, 7, 2, 1, 3, 9, 1, 3, 9, 1]",0
600,5.0,"[7, 1, 5, 9, 5, 4, 5, 4, 7, 9]",0
601,3.0,"[4, 5, 1, 9, 1, 2, 8, 2, 1, 3]",0
602,20.0,"[2, 5, 1, 9, 2, 1, 9, 3, 2, 5]",1
603,22.0," [7, 6, 1, 9, 5, 2, 5, 9, 2, 1]",1
604,22.0,"[6, 5, 7, 5, 1, 5, 5, 5, 1, 9]",1
605,20.0,"[10, 2, 10, 6, 5, 2, 10, 8, 6, 8]",1
606,15.0,"[10, 6, 8, 10, 2, 10, 5, 7, 5, 9]",1
607,16.0,"[9, 5, 1, 1, 5, 7, 7, 5, 2, 6]",1
608,7.0,"[1, 5, 7, 5, 2, 6, 4, 5, 7, 5]",1
609,14.0,"[4, 4, 5, 7, 5, 1, 1, 5, 5, 4]",0
610,9.0,"[0, 1, 0, 5, 9, 5, 4, 5, 4, 2]",1
611,17.0,"[4, 9, 5, 2, 5, 9, 5, 1, 5, 2]",1
612,16.0,"[5, 9, 1, 2, 8, 2, 10, 2, 8, 2]",1
613,16.0,"[5, 10, 2, 5, 4, 5, 8, 4, 2, 4]",0
614,10.0,"[5, 7, 2, 1, 3, 9, 1, 3, 9, 1]",1
615,11.0,"[7, 1, 5, 9, 5, 4, 5, 4, 7, 9]",1
616,21.0,"[4, 5, 1, 9, 1, 2, 8, 2, 1, 3]",1
617,22.0,"[2, 5, 1, 9, 2, 1, 9, 3, 2, 5]",1
618,17.0,"[7, 6, 1, 9, 5, 2, 5, 9, 2, 1]",1
619,17.0,"[5, 2, 5, 3, 7, 10, 8, 2, 8, 5]",1
620,18.0,"[10, 2, 10, 6, 5, 2, 10, 8, 6, 8]",1
621,23.0,"[10, 6, 8, 10, 2, 10, 5, 7, 5, 9]",1
622,14.0,"[6, 5, 1, 7, 5, 1, 5, 1, 9, 5]",1
623,23.0,"[1, 5, 7, 5, 2, 6, 4, 5, 7, 5]",1
624,2.0,"[1, 5, 4, 5, 9, 5, 4, 5, 4, 2]",0
625,17.0,"[4, 9, 5, 2, 5, 9, 5, 1, 5, 2]",1
626,17.0,"[5, 9, 1, 2, 8, 2, 10, 2, 8, 2]",1
627,17.0,"[5, 10, 2, 5, 4, 5, 8, 4, 2, 4]",0
628,8.0,"[5, 7, 2, 1, 3, 9, 1, 3, 9, 1]",1
629,4.0,"[7, 1, 5, 9, 5, 4, 5, 4, 7, 9]",0
630,5.0,"[4, 5, 1, 9, 1, 2, 8, 2, 1, 3]",0
631,3.0,"[2, 5, 1, 9, 2, 1, 9, 3, 2, 5]",0
632,20.0," [7, 6, 1, 9, 5, 2, 5, 9, 2, 1]",1
633,22.0,"[6, 5, 7, 5, 1, 5, 5, 5, 1, 9]",1
634,22.0,"[10, 2, 10, 6, 5, 2, 10, 8, 6, 8]",1
635,20.0,"[10, 6, 8, 10, 2, 10, 5, 7, 5, 9]",1
636,15.0,"[9, 5, 1, 1, 5, 7, 7, 5, 2, 6]",1
637,16.0,"[1, 5, 7, 5, 2, 6, 4, 5, 7, 5]",1
638,7.0,"[4, 4, 5, 7, 5, 1, 1, 5, 5, 4]",1
639,14.0,"[0, 1, 0, 5, 9, 5, 4, 5, 4, 2]",0
640,9.0,"[4, 9, 5, 2, 5, 9, 5, 1, 5, 2]",1
641,17.0,"[5, 9, 1, 2, 8, 2, 10, 2, 8, 2]",1
642,16.0,"[5, 10, 2, 5, 4, 5, 8, 4, 2, 4]",1
643,16.0,"[5, 7, 2, 1, 3, 9, 1, 3, 9, 1]",0
644,10.0,"[7, 1, 5, 9, 5, 4, 5, 4, 7, 9]",1
645,11.0,"[4, 5, 1, 9, 1, 2, 8, 2, 1, 3]",1
646,21.0,"[2, 5, 1, 9, 2, 1, 9, 3, 2, 5]",1
647,22.0,"[7, 6, 1, 9, 5, 2, 5, 9, 2, 1]",1
648,17.0,"[5, 2, 5, 3, 7, 10, 8, 2, 8, 5]",1
649,17.0,"[10, 2, 10, 6, 5, 2, 10, 8, 6, 8]",1
650,18.0,"[10, 6, 8, 10, 2, 10, 5, 7, 5, 9]",1
651,23.0,"[6, 5, 1, 7, 5, 1, 5, 1, 9, 5]",1
652,14.0,"[1, 5, 7, 5, 2, 6, 4, 5, 7, 5]",1
653,23.0,"[1, 5, 4, 5, 9, 5, 4, 5, 4, 2]",1
654,2.0,"[4, 9, 5, 2, 5, 9, 5, 1, 5, 2]",0
655,17.0,"[5, 9, 1, 2, 8, 2, 10, 2, 8, 2]",1
656,17.0,"[5, 10, 2, 5, 4, 5, 8, 4, 2, 4]",1
657,17.0,"[5, 7, 2, 1, 3, 9, 1, 3, 9, 1]",0
658,8.0,"[7, 1, 5, 9, 5, 4, 5, 4, 7, 9]",1
659,4.0,"[4, 5, 1, 9, 1, 2, 8, 2, 1, 3]",0
660,5.0,"[2, 5, 1, 9, 2, 1, 9, 3, 2, 5]",0
661,3.0," [7, 6, 1, 9, 5, 2, 5, 9, 2, 1]",0
662,20.0,"[6, 5, 7, 5, 1, 5, 5, 5, 1, 9]",1
663,22.0,"[10, 2, 10, 6, 5, 2, 10, 8, 6, 8]",1
664,22.0,"[10, 6, 8, 10, 2, 10, 5, 7, 5, 9]",1
665,20.0,"[9, 5, 1, 1, 5, 7, 7, 5, 2, 6]",1
666,15.0,"[1, 5, 7, 5, 2, 6, 4, 5, 7, 5]",1
667,16.0,"[4, 4, 5, 7, 5, 1, 1, 5, 5, 4]",1
668,7.0,"[0, 1, 0, 5, 9, 5, 4, 5, 4, 2]",1
669,14.0,"[4, 9, 5, 2, 5, 9, 5, 1, 5, 2]",0
670,9.0,"[5, 9, 1, 2, 8, 2, 10, 2, 8, 2]",1
671,17.0,"[5, 10, 2, 5, 4, 5, 8, 4, 2, 4]",1
672,16.0,"[5, 7, 2, 1, 3, 9, 1, 3, 9, 1]",1
673,16.0,"[7, 1, 5, 9, 5, 4, 5, 4, 7, 9]",0
674,10.0,"[4, 5, 1, 9, 1, 2, 8, 2, 1, 3]",1
675,11.0,"[2, 5, 1, 9, 2, 1, 9, 3, 2, 5]",1
676,21.0,"[7, 6, 1, 9, 5, 2, 5, 9, 2, 1]",1
677,22.0,"[5, 2, 5, 3, 7, 10, 8, 2, 8, 5]",1
678,17.0,"[10, 2, 10, 6, 5, 2, 10, 8, 6, 8]",1
679,17.0,"[10, 6, 8, 10, 2, 10, 5, 7, 5, 9]",1
680,18.0,"[6, 5, 1, 7, 5, 1, 5, 1, 9, 5]",1
681,23.0,"[1, 5, 7, 5, 2, 6, 4, 5, 7, 5]",1
682,14.0,"[1, 5, 4, 5, 9, 5, 4, 5, 4, 2]",1
683,23.0,"[4, 9, 5, 2, 5, 9, 5, 1, 5, 2]",1
684,2.0,"[5, 9, 1, 2, 8, 2, 10, 2, 8, 2]",0
685,17.0,"[5, 10, 2, 5, 4, 5, 8, 4, 2, 4]",1
686,17.0,"[5, 7, 2, 1, 3, 9, 1, 3, 9, 1]",1
687,17.0,"[7, 1, 5, 9, 5, 4, 5, 4, 7, 9]",0
688,8.0,"[4, 5, 1, 9, 1, 2, 8, 2, 1, 3]",1
689,4.0,"[2, 5, 1, 9, 2, 1, 9, 3, 2, 5]",0
690,5.0," [7, 6, 1, 9, 5, 2, 5, 9, 2, 1]",0
691,3.0,"[6, 5, 7, 5, 1, 5, 5, 5, 1, 9]",0
692,20.0,"[10, 2, 10, 6, 5, 2, 10, 8, 6, 8]",1
693,22.0,"[10, 6, 8, 10, 2, 10, 5, 7, 5, 9]",1
694,22.0,"[9, 5, 1, 1, 5, 7, 7, 5, 2, 6]",1
695,20.0,"[1, 5, 7, 5, 2, 6, 4, 5, 7, 5]",1
696,15.0,"[4, 4, 5, 7, 5, 1, 1, 5, 5, 4]",1
697,16.0,"[0, 1, 0, 5, 9, 5, 4, 5, 4, 2]",1
698,7.0,"[4, 9, 5, 2, 5, 9, 5, 1, 5, 2]",1
699,14.0,"[5, 9, 1, 2, 8, 2, 10, 2, 8, 2]",0
700,9.0,"[5, 10, 2, 5, 4, 5, 8, 4, 2, 4]",1
701,17.0,"[5, 7, 2, 1, 3, 9, 1, 3, 9, 1]",1
702,16.0,"[7, 1, 5, 9, 5, 4, 5, 4, 7, 9]",1
703,16.0,"[4, 5, 1, 9, 1, 2, 8, 2, 1, 3]",0
704,10.0,"[2, 5, 1, 9, 2, 1, 9, 3, 2, 5]",1
705,11.0,"[7, 6, 1, 9, 5, 2, 5, 9, 2, 1]",1
706,21.0,"[5, 2, 5, 3, 7, 10, 8, 2, 8, 5]",1
707,22.0,"[10, 2, 10, 6, 5, 2, 10, 8, 6, 8]",1
708,17.0,"[10, 6, 8, 10, 2, 10, 5, 7, 5, 9]",1
709,17.0,"[6, 5, 1, 7, 5, 1, 5, 1, 9, 5]",1
710,18.0,"[1, 5, 7, 5, 2, 6, 4, 5, 7, 5]",1
711,23.0,"[1, 5, 4, 5, 9, 5, 4, 5, 4, 2]",1
712,14.0,"[4, 9, 5, 2, 5, 9, 5, 1, 5, 2]",1
713,23.0,"[5, 9, 1, 2, 8, 2, 10, 2, 8, 2]",1
714,2.0,"[5, 10, 2, 5, 4, 5, 8, 4, 2, 4]",0
715,17.0,"[5, 7, 2, 1, 3, 9, 1, 3, 9, 1]",1
716,17.0,"[7, 1, 5, 9, 5, 4, 5, 4, 7, 9]",1
717,17.0,"[4, 5, 1, 9, 1, 2, 8, 2, 1, 3]",0
718,8.0,"[2, 5, 1, 9, 2, 1, 9, 3, 2, 5]",1
719,4.0," [7, 6, 1, 9, 5, 2, 5, 9, 2, 1]",0
720,5.0,"[6, 5, 7, 5, 1, 5, 5, 5, 1, 9]",0
721,3.0,"[10, 2, 10, 6, 5, 2, 10, 8, 6, 8]",0
722,20.0,"[10, 6, 8, 10, 2, 10, 5, 7, 5, 9]",1
723,22.0,"[9, 5, 1, 1, 5, 7, 7, 5, 2, 6]",1
724,22.0,"[1, 5, 7, 5, 2, 6, 4, 5, 7, 5]",1
725,20.0,"[4, 4, 5, 7, 5, 1, 1, 5, 5, 4]",1
726,15.0,"[0, 1, 0, 5, 9, 5, 4, 5, 4, 2]",1
727,16.0,"[4, 9, 5, 2, 5, 9, 5, 1, 5, 2]",1
728,7.0,"[5, 9, 1, 2, 8, 2, 10, 2, 8, 2]",1
729,14.0,"[5, 10, 2, 5, 4, 5, 8, 4, 2, 4]",0
730,9.0,"[5, 7, 2, 1, 3, 9, 1, 3, 9, 1]",1
731,17.0,"[7, 1, 5, 9, 5, 4, 5, 4, 7, 9]",1
732,16.0,"[4, 5, 1, 9, 1, 2, 8, 2, 1, 3]",1
733,16.0,"[2, 5, 1, 9, 2, 1, 9, 3, 2, 5]",0
734,10.0,"[7, 6, 1, 9, 5, 2, 5, 9, 2, 1]",1
735,11.0,"[5, 2, 5, 3, 7, 10, 8, 2, 8, 5]",1
736,21.0,"[10, 2, 10, 6, 5, 2, 10, 8, 6, 8]",1
737,22.0,"[10, 6, 8, 10, 2, 10, 5, 7, 5, 9]",1
738,17.0,"[6, 5, 1, 7, 5, 1, 5, 1, 9, 5]",1
739,17.0,"[1, 5, 7, 5, 2, 6, 4, 5, 7, 5]",1
740,18.0,"[1, 5, 4, 5, 9, 5, 4, 5, 4, 2]",1
741,23.0,"[4, 9, 5, 2, 5, 9, 5, 1, 5, 2]",1
742,14.0,"[5, 9, 1, 2, 8, 2, 10, 2, 8, 2]",1
743,23.0,"[5, 10, 2, 5, 4, 5, 8, 4, 2, 4]",1
744,2.0,"[5, 7, 2, 1, 3, 9, 1, 3, 9, 1]",0
745,17.0,"[7, 1, 5, 9, 5, 4, 5, 4, 7, 9]",1
746,17.0,"[4, 5, 1, 9, 1, 2, 8, 2, 1, 3]",1
747,17.0,"[2, 5, 1, 9, 2, 1, 9, 3, 2, 5]",0
748,8.0," [7, 6, 1, 9, 5, 2, 5, 9, 2, 1]",1
749,4.0,"[6, 5, 7, 5, 1, 5, 5, 5, 1, 9]",0
750,5.0,"[10, 2, 10, 6, 5, 2, 10, 8, 6, 8]",0
751,3.0,"[10, 6, 8, 10, 2, 10, 5, 7, 5, 9]",0
752,20.0,"[9, 5, 1, 1, 5, 7, 7, 5, 2, 6]",1
753,22.0,"[1, 5, 7, 5, 2, 6, 4, 5, 7, 5]",1
754,22.0,"[4, 4, 5, 7, 5, 1, 1, 5, 5, 4]",1
755,20.0,"[0, 1, 0, 5, 9, 5, 4, 5, 4, 2]",1
756,15.0,"[4, 9, 5, 2, 5, 9, 5, 1, 5, 2]",1
757,16.0,"[5, 9, 1, 2, 8, 2, 10, 2, 8, 2]",1
758,7.0,"[5, 10, 2, 5, 4, 5, 8, 4, 2, 4]",1
759,14.0,"[5, 7, 2, 1, 3, 9, 1, 3, 9, 1]",0
760,9.0,"[7, 1, 5, 9, 5, 4, 5, 4, 7, 9]",1
761,17.0,"[4, 5, 1, 9, 1, 2, 8, 2, 1, 3]",1
762,16.0,"[2, 5, 1, 9, 2, 1, 9, 3, 2, 5]",1
763,16.0,"[7, 6, 1, 9, 5, 2, 5, 9, 2, 1]",0
764,10.0,"[5, 2, 5, 3, 7, 10, 8, 2, 8, 5]",1
765,11.0,"[10, 2, 10, 6, 5, 2, 10, 8, 6, 8]",1
766,21.0,"[10, 6, 8, 10, 2, 10, 5, 7, 5, 9]",1
767,22.0,"[6, 5, 1, 7, 5, 1, 5, 1, 9, 5]",1
768,17.0,"[1, 5, 7, 5, 2, 6, 4, 5, 7, 5]",1
769,17.0,"[1, 5, 4, 5, 9, 5, 4, 5, 4, 2]",1
770,18.0,"[4, 9, 5, 2, 5, 9, 5, 1, 5, 2]",1
771,23.0,"[5, 9, 1, 2, 8, 2, 10, 2, 8, 2]",1
772,14.0,"[5, 10, 2, 5, 4, 5, 8, 4, 2, 4]",1
773,23.0,"[5, 7, 2, 1, 3, 9, 1, 3, 9, 1]",1
774,2.0,"[7, 1, 5, 9, 5, 4, 5, 4, 7, 9]",0
775,17.0,"[4, 5, 1, 9, 1, 2, 8, 2, 1, 3]",1
776,17.0,"[2, 5, 1, 9, 2, 1, 9, 3, 2, 5]",1
777,17.0," [7, 6, 1, 9, 5, 2, 5, 9, 2, 1]",0
778,8.0,"[6, 5, 7, 5, 1, 5, 5, 5, 1, 9]",1
779,4.0,"[10, 2, 10, 6, 5, 2, 10, 8, 6, 8]",0
780,5.0,"[10, 6, 8, 10, 2, 10, 5, 7, 5, 9]",0
781,3.0,"[9, 5, 1, 1, 5, 7, 7, 5, 2, 6]",0
782,20.0,"[1, 5, 7, 5, 2, 6, 4, 5, 7, 5]",1
783,22.0,"[4, 4, 5, 7, 5, 1, 1, 5, 5, 4]",1
784,22.0,"[0, 1, 0, 5, 9, 5, 4, 5, 4, 2]",1
785,20.0,"[4, 9, 5, 2, 5, 9, 5, 1, 5, 2]",1
786,15.0,"[5, 9, 1, 2, 8, 2, 10, 2, 8, 2]",1
787,16.0,"[5, 10, 2, 5, 4, 5, 8, 4, 2, 4]",1
788,7.0,"[5, 7, 2, 1, 3, 9, 1, 3, 9, 1]",1
789,14.0,"[7, 1, 5, 9, 5, 4, 5, 4, 7, 9]",0
790,9.0,"[4, 5, 1, 9, 1, 2, 8, 2, 1, 3]",1
791,17.0,"[2, 5, 1, 9, 2, 1, 9, 3, 2, 5]",1
792,16.0,"[7, 6, 1, 9, 5, 2, 5, 9, 2, 1]",1
793,16.0,"[5, 2, 5, 3, 7, 10, 8, 2, 8, 5]",0
794,10.0,"[10, 2, 10, 6, 5, 2, 10, 8, 6, 8]",1
795,11.0,"[10, 6, 8, 10, 2, 10, 5, 7, 5, 9]",1
796,21.0,"[6, 5, 1, 7, 5, 1, 5, 1, 9, 5]",1
797,22.0,"[1, 5, 7, 5, 2, 6, 4, 5, 7, 5]",1
798,17.0,"[1, 5, 4, 5, 9, 5, 4, 5, 4, 2]",1
799,17.0,"[4, 9, 5, 2, 5, 9, 5, 1, 5, 2]",1
800,18.0,"[5, 9, 1, 2, 8, 2, 10, 2, 8, 2]",1
801,23.0,"[5, 10, 2, 5, 4, 5, 8, 4, 2, 4]",1
802,14.0,"[5, 7, 2, 1, 3, 9, 1, 3, 9, 1]",1
803,23.0,"[7, 1, 5, 9, 5, 4, 5, 4, 7, 9]",1
804,2.0,"[4, 5, 1, 9, 1, 2, 8, 2, 1, 3]",0
805,17.0,"[2, 5, 1, 9, 2, 1, 9, 3, 2, 5]",1
806,17.0," [7, 6, 1, 9, 5, 2, 5, 9, 2, 1]",1
807,17.0,"[6, 5, 7, 5, 1, 5, 5, 5, 1, 9]",0
808,8.0,"[10, 2, 10, 6, 5, 2, 10, 8, 6, 8]",1
809,4.0,"[10, 6, 8, 10, 2, 10, 5, 7, 5, 9]",0
810,5.0,"[9, 5, 1, 1, 5, 7, 7, 5, 2, 6]",0
811,3.0,"[1, 5, 7, 5, 2, 6, 4, 5, 7, 5]",0
812,20.0,"[4, 4, 5, 7, 5, 1, 1, 5, 5, 4]",1
813,22.0,"[0, 1, 0, 5, 9, 5, 4, 5, 4, 2]",1
814,22.0,"[4, 9, 5, 2, 5, 9, 5, 1, 5, 2]",1
815,20.0,"[5, 9, 1, 2, 8, 2, 10, 2, 8, 2]",1
816,15.0,"[5, 10, 2, 5, 4, 5, 8, 4, 2, 4]",1
817,16.0,"[5, 7, 2, 1, 3, 9, 1, 3, 9, 1]",1
818,7.0,"[7, 1, 5, 9, 5, 4, 5, 4, 7, 9]",1
819,14.0,"[4, 5, 1, 9, 1, 2, 8, 2, 1, 3]",0
820,9.0,"[2, 5, 1, 9, 2, 1, 9, 3, 2, 5]",1
821,17.0,"[7, 6, 1, 9, 5, 2, 5, 9, 2, 1]",1
822,16.0,"[5, 2, 5, 3, 7, 10, 8, 2, 8, 5]",1
823,16.0,"[10, 2, 10, 6, 5, 2, 10, 8, 6, 8]",0
824,10.0,"[10, 6, 8, 10, 2, 10, 5, 7, 5, 9]",1
825,11.0,"[6, 5, 1, 7, 5, 1, 5, 1, 9, 5]",1
826,21.0,"[1, 5, 7, 5, 2, 6, 4, 5, 7, 5]",1
827,22.0,"[1, 5, 4, 5, 9, 5, 4, 5, 4, 2]",1
828,17.0,"[4, 9, 5, 2, 5, 9, 5, 1, 5, 2]",1
829,17.0,"[5, 9, 1, 2, 8, 2, 10, 2, 8, 2]",1
830,18.0,"[5, 10, 2, 5, 4, 5, 8, 4, 2, 4]",1
831,23.0,"[5, 7, 2, 1, 3, 9, 1, 3, 9, 1]",1
832,14.0,"[7, 1, 5, 9, 5, 4, 5, 4, 7, 9]",1
833,23.0,"[4, 5, 1, 9, 1, 2, 8, 2, 1, 3]",1
834,2.0,"[2, 5, 1, 9, 2, 1, 9, 3, 2, 5]",0
835,17.0," [7, 6, 1, 9, 5, 2, 5, 9, 2, 1]",1
836,17.0,"[6, 5, 7, 5, 1, 5, 5, 5, 1, 9]",1
837,17.0,"[10, 2, 10, 6, 5, 2, 10, 8, 6, 8]",0
838,8.0,"[10, 6, 8, 10, 2, 10, 5, 7, 5, 9]",1
839,4.0,"[9, 5, 1, 1, 5, 7, 7, 5, 2, 6]",0
840,5.0,"[1, 5, 7, 5, 2, 6, 4, 5, 7, 5]",0
841,3.0,"[4, 4, 5, 7, 5, 1, 1, 5, 5, 4]",0
842,20.0,"[0, 1, 0, 5, 9, 5, 4, 5, 4, 2]",1
843,22.0,"[4, 9, 5, 2, 5, 9, 5, 1, 5, 2]",1
844,22.0,"[5, 9, 1, 2, 8, 2, 10, 2, 8, 2]",1
845,20.0,"[5, 10, 2, 5, 4, 5, 8, 4, 2, 4]",1
846,15.0,"[5, 7, 2, 1, 3, 9, 1, 3, 9, 1]",1
847,16.0,"[7, 1, 5, 9, 5, 4, 5, 4, 7, 9]",1
848,7.0,"[4, 5, 1, 9, 1, 2, 8, 2, 1, 3]",1
849,14.0,"[2, 5, 1, 9, 2, 1, 9, 3, 2, 5]",0
850,9.0,"[7, 6, 1, 9, 5, 2, 5, 9, 2, 1]",1
851,17.0,"[5, 2, 5, 3, 7, 10, 8, 2, 8, 5]",1
852,16.0,"[10, 2, 10, 6, 5, 2, 10, 8, 6, 8]",1
853,16.0,"[10, 6, 8, 10, 2, 10, 5, 7, 5, 9]",0
854,10.0,"[6, 5, 1, 7, 5, 1, 5, 1, 9, 5]",1
855,11.0,"[1, 5, 7, 5, 2, 6, 4, 5, 7, 5]",1
856,21.0,"[1, 5, 4, 5, 9, 5, 4, 5, 4, 2]",1
857,22.0,"[4, 9, 5, 2, 5, 9, 5, 1, 5, 2]",1
858,17.0,"[5, 9, 1, 2, 8, 2, 10, 2, 8, 2]",1
859,17.0,"[5, 10, 2, 5, 4, 5, 8, 4, 2, 4]",1
860,18.0,"[5, 7, 2, 1, 3, 9, 1, 3, 9, 1]",1
861,23.0,"[7, 1, 5, 9, 5, 4, 5, 4, 7, 9]",1
862,14.0,"[4, 5, 1, 9, 1, 2, 8, 2, 1, 3]",1
863,23.0,"[2, 5, 1, 9, 2, 1, 9, 3, 2, 5]",1
864,2.0," [7, 6, 1, 9, 5, 2, 5, 9, 2, 1]",0
865,17.0,"[6, 5, 7, 5, 1, 5, 5, 5, 1, 9]",1
866,17.0,"[10, 2, 10, 6, 5, 2, 10, 8, 6, 8]",1
867,17.0,"[10, 6, 8, 10, 2, 10, 5, 7, 5, 9]",0
868,8.0,"[9, 5, 1, 1, 5, 7, 7, 5, 2, 6]",1
869,4.0,"[1, 5, 7, 5, 2, 6, 4, 5, 7, 5]",0
870,5.0,"[4, 4, 5, 7, 5, 1, 1, 5, 5, 4]",0
871,3.0,"[0, 1, 0, 5, 9, 5, 4, 5, 4, 2]",0
872,20.0,"[4, 9, 5, 2, 5, 9, 5, 1, 5, 2]",1
873,22.0,"[5, 9, 1, 2, 8, 2, 10, 2, 8, 2]",1
874,22.0,"[5, 10, 2, 5, 4, 5, 8, 4, 2, 4]",1
875,20.0,"[5, 7, 2, 1, 3, 9, 1, 3, 9, 1]",1
876,15.0,"[7, 1, 5, 9, 5, 4, 5, 4, 7, 9]",1
877,16.0,"[4, 5, 1, 9, 1, 2, 8, 2, 1, 3]",1
878,7.0,"[2, 5, 1, 9, 2, 1, 9, 3, 2, 5]",1
879,14.0,"[7, 6, 1, 9, 5, 2, 5, 9, 2, 1]",0
880,9.0,"[5, 2, 5, 3, 7, 10, 8, 2, 8, 5]",1
881,17.0,"[10, 2, 10, 6, 5, 2, 10, 8, 6, 8]",1
882,16.0,"[10, 6, 8, 10, 2, 10, 5, 7, 5, 9]",1
883,16.0,"[6, 5, 1, 7, 5, 1, 5, 1, 9, 5]",0
884,10.0,"[1, 5, 7, 5, 2, 6, 4, 5, 7, 5]",1
885,11.0,"[1, 5, 4, 5, 9, 5, 4, 5, 4, 2]",1
886,21.0,"[4, 9, 5, 2, 5, 9, 5, 1, 5, 2]",1
887,22.0,"[5, 9, 1, 2, 8, 2, 10, 2, 8, 2]",1
888,17.0,"[5, 10, 2, 5, 4, 5, 8, 4, 2, 4]",1
889,17.0,"[5, 7, 2, 1, 3, 9, 1, 3, 9, 1]",1
890,18.0,"[7, 1, 5, 9, 5, 4, 5, 4, 7, 9]",1
891,23.0,"[4, 5, 1, 9, 1, 2, 8, 2, 1, 3]",1
892,14.0,"[2, 5, 1, 9, 2, 1, 9, 3, 2, 5]",1
893,23.0," [7, 6, 1, 9, 5, 2, 5, 9, 2, 1]",1
894,2.0,"[6, 5, 7, 5, 1, 5, 5, 5, 1, 9]",0
895,17.0,"[10, 2, 10, 6, 5, 2, 10, 8, 6, 8]",1
896,17.0,"[10, 6, 8, 10, 2, 10, 5, 7, 5, 9]",1
897,17.0,"[9, 5, 1, 1, 5, 7, 7, 5, 2, 6]",0
898,8.0,"[1, 5, 7, 5, 2, 6, 4, 5, 7, 5]",1
899,4.0,"[4, 4, 5, 7, 5, 1, 1, 5, 5, 4]",0
900,5.0,"[0, 1, 0, 5, 9, 5, 4, 5, 4, 2]",0
901,3.0,"[4, 9, 5, 2, 5, 9, 5, 1, 5, 2]",0
902,20.0,"[5, 9, 1, 2, 8, 2, 10, 2, 8, 2]",1
903,22.0,"[5, 10, 2, 5, 4, 5, 8, 4, 2, 4]",1
904,22.0,"[5, 7, 2, 1, 3, 9, 1, 3, 9, 1]",1
905,20.0,"[7, 1, 5, 9, 5, 4, 5, 4, 7, 9]",1
906,15.0,"[4, 5, 1, 9, 1, 2, 8, 2, 1, 3]",1
907,16.0,"[2, 5, 1, 9, 2, 1, 9, 3, 2, 5]",1
908,7.0,"[7, 6, 1, 9, 5, 2, 5, 9, 2, 1]",1
909,14.0,"[5, 2, 5, 3, 7, 10, 8, 2, 8, 5]",0
910,9.0,"[10, 2, 10, 6, 5, 2, 10, 8, 6, 8]",1
911,17.0,"[10, 6, 8, 10, 2, 10, 5, 7, 5, 9]",1
912,16.0,"[6, 5, 1, 7, 5, 1, 5, 1, 9, 5]",1
913,16.0,"[1, 5, 7, 5, 2, 6, 4, 5, 7, 5]",0
914,10.0,"[1, 5, 4, 5, 9, 5, 4, 5, 4, 2]",1
915,11.0,"[4, 9, 5, 2, 5, 9, 5, 1, 5, 2]",1
916,21.0,"[5, 9, 1, 2, 8, 2, 10, 2, 8, 2]",1
917,22.0,"[5, 10, 2, 5, 4, 5, 8, 4, 2, 4]",1
918,17.0,"[5, 7, 2, 1, 3, 9, 1, 3, 9, 1]",1
919,17.0,"[7, 1, 5, 9, 5, 4, 5, 4, 7, 9]",1
920,18.0,"[4, 5, 1, 9, 1, 2, 8, 2, 1, 3]",1
921,23.0,"[2, 5, 1, 9, 2, 1, 9, 3, 2, 5]",1
922,14.0," [7, 6, 1, 9, 5, 2, 5, 9, 2, 1]",1
923,23.0,"[6, 5, 7, 5, 1, 5, 5, 5, 1, 9]",1
924,2.0,"[10, 2, 10, 6, 5, 2, 10, 8, 6, 8]",0
925,17.0,"[10, 6, 8, 10, 2, 10, 5, 7, 5, 9]",1
926,17.0,"[9, 5, 1, 1, 5, 7, 7, 5, 2, 6]",1
927,17.0,"[1, 5, 7, 5, 2, 6, 4, 5, 7, 5]",0
928,8.0,"[4, 4, 5, 7, 5, 1, 1, 5, 5, 4]",1
929,4.0,"[0, 1, 0, 5, 9, 5, 4, 5, 4, 2]",0
930,5.0,"[4, 9, 5, 2, 5, 9, 5, 1, 5, 2]",0
931,3.0,"[5, 9, 1, 2, 8, 2, 10, 2, 8, 2]",0
932,20.0,"[5, 10, 2, 5, 4, 5, 8, 4, 2, 4]",1
933,22.0,"[5, 7, 2, 1, 3, 9, 1, 3, 9, 1]",1
934,22.0,"[7, 1, 5, 9, 5, 4, 5, 4, 7, 9]",1
935,20.0,"[4, 5, 1, 9, 1, 2, 8, 2, 1, 3]",1
936,15.0,"[2, 5, 1, 9, 2, 1, 9, 3, 2, 5]",1
937,16.0,"[7, 6, 1, 9, 5, 2, 5, 9, 2, 1]",1
938,7.0,"[5, 2, 5, 3, 7, 10, 8, 2, 8, 5]",1
939,14.0,"[10, 2, 10, 6, 5, 2, 10, 8, 6, 8]",0
940,9.0,"[10, 6, 8, 10, 2, 10, 5, 7, 5, 9]",1
941,17.0,"[6, 5, 1, 7, 5, 1, 5, 1, 9, 5]",1
942,16.0,"[1, 5, 7, 5, 2, 6, 4, 5, 7, 5]",1
943,16.0,"[1, 5, 4, 5, 9, 5, 4, 5, 4, 2]",0
944,10.0,"[4, 9, 5, 2, 5, 9, 5, 1, 5, 2]",1
945,11.0,"[5, 9, 1, 2, 8, 2, 10, 2, 8, 2]",1
946,21.0,"[5, 10, 2, 5, 4, 5, 8, 4, 2, 4]",1
947,22.0,"[5, 7, 2, 1, 3, 9, 1, 3, 9, 1]",1
948,17.0,"[7, 1, 5, 9, 5, 4, 5, 4, 7, 9]",1
949,17.0,"[4, 5, 1, 9, 1, 2, 8, 2, 1, 3]",1
950,18.0,"[2, 5, 1, 9, 2, 1, 9, 3, 2, 5]",1
951,23.0," [7, 6, 1, 9, 5, 2, 5, 9, 2, 1]",1
952,14.0,"[6, 5, 7, 5, 1, 5, 5, 5, 1, 9]",1
953,23.0,"[10, 2, 10, 6, 5, 2, 10, 8, 6, 8]",1
954,2.0,"[10, 6, 8, 10, 2, 10, 5, 7, 5, 9]",0
955,17.0,"[9, 5, 1, 1, 5, 7, 7, 5, 2, 6]",1
956,17.0,"[1, 5, 7, 5, 2, 6, 4, 5, 7, 5]",1
957,17.0,"[4, 4, 5, 7, 5, 1, 1, 5, 5, 4]",0
958,8.0,"[0, 1, 0, 5, 9, 5, 4, 5, 4, 2]",1
959,4.0,"[4, 9, 5, 2, 5, 9, 5, 1, 5, 2]",0
960,5.0,"[5, 9, 1, 2, 8, 2, 10, 2, 8, 2]",0
961,3.0,"[5, 10, 2, 5, 4, 5, 8, 4, 2, 4]",0
962,20.0,"[5, 7, 2, 1, 3, 9, 1, 3, 9, 1]",1
963,22.0,"[7, 1, 5, 9, 5, 4, 5, 4, 7, 9]",1
964,22.0,"[4, 5, 1, 9, 1, 2, 8, 2, 1, 3]",1
965,20.0,"[2, 5, 1, 9, 2, 1, 9, 3, 2, 5]",1
966,15.0,"[7, 6, 1, 9, 5, 2, 5, 9, 2, 1]",1
967,16.0,"[5, 2, 5, 3, 7, 10, 8, 2, 8, 5]",1
968,7.0,"[10, 2, 10, 6, 5, 2, 10, 8, 6, 8]",1
969,14.0,"[10, 6, 8, 10, 2, 10, 5, 7, 5, 9]",0
970,9.0,"[6, 5, 1, 7, 5, 1, 5, 1, 9, 5]",1
971,17.0,"[1, 5, 7, 5, 2, 6, 4, 5, 7, 5]",1
972,16.0,"[1, 5, 4, 5, 9, 5, 4, 5, 4, 2]",1
973,16.0,"[4, 9, 5, 2, 5, 9, 5, 1, 5, 2]",0
974,10.0,"[5, 9, 1, 2, 8, 2, 10, 2, 8, 2]",1
975,11.0,"[5, 10, 2, 5, 4, 5, 8, 4, 2, 4]",1
976,21.0,"[5, 7, 2, 1, 3, 9, 1, 3, 9, 1]",1
977,22.0,"[7, 1, 5, 9, 5, 4, 5, 4, 7, 9]",1
978,17.0,"[4, 5, 1, 9, 1, 2, 8, 2, 1, 3]",1
979,17.0,"[2, 5, 1, 9, 2, 1, 9, 3, 2, 5]",1
980,18.0," [7, 6, 1, 9, 5, 2, 5, 9, 2, 1]",1
981,23.0,"[6, 5, 7, 5, 1, 5, 5, 5, 1, 9]",1
982,14.0,"[10, 2, 10, 6, 5, 2, 10, 8, 6, 8]",1
983,23.0,"[10, 6, 8, 10, 2, 10, 5, 7, 5, 9]",1
984,2.0,"[9, 5, 1, 1, 5, 7, 7, 5, 2, 6]",0
985,17.0,"[1, 5, 7, 5, 2, 6, 4, 5, 7, 5]",1
986,17.0,"[4, 4, 5, 7, 5, 1, 1, 5, 5, 4]",1
987,17.0,"[0, 1, 0, 5, 9, 5, 4, 5, 4, 2]",0
988,8.0,"[4, 9, 5, 2, 5, 9, 5, 1, 5, 2]",1
989,4.0,"[5, 9, 1, 2, 8, 2, 10, 2, 8, 2]",0
990,5.0,"[5, 10, 2, 5, 4, 5, 8, 4, 2, 4]",0
991,3.0,"[5, 7, 2, 1, 3, 9, 1, 3, 9, 1]",0
992,20.0,"[7, 1, 5, 9, 5, 4, 5, 4, 7, 9]",1
993,22.0,"[4, 5, 1, 9, 1, 2, 8, 2, 1, 3]",1
994,22.0,"[2, 5, 1, 9, 2, 1, 9, 3, 2, 5]",1
995,20.0,"[7, 6, 1, 9, 5, 2, 5, 9, 2, 1]",1
996,15.0,"[5, 2, 5, 3, 7, 10, 8, 2, 8, 5]",1
997,16.0,"[10, 2, 10, 6, 5, 2, 10, 8, 6, 8]",1
998,7.0,"[10, 6, 8, 10, 2, 10, 5, 7, 5, 9]",1
999,14.0,"[6, 5, 1, 7, 5, 1, 5, 1, 9, 5]",0
1000,9.0,"[1, 5, 7, 5, 2, 6, 4, 5, 7, 5]",1
1001,17.0,"[1, 5, 4, 5, 9, 5, 4, 5, 4, 2]",1
1002,16.0,"[4, 9, 5, 2, 5, 9, 5, 1, 5, 2]",1
1003,16.0,"[5, 9, 1, 2, 8, 2, 10, 2, 8, 2]",0
1004,10.0,"[5, 10, 2, 5, 4, 5, 8, 4, 2, 4]",1
1005,11.0,"[5, 7, 2, 1, 3, 9, 1, 3, 9, 1]",1
1006,21.0,"[7, 1, 5, 9, 5, 4, 5, 4, 7, 9]",1
1007,22.0,"[4, 5, 1, 9, 1, 2, 8, 2, 1, 3]",1
1008,17.0,"[2, 5, 1, 9, 2, 1, 9, 3, 2, 5]",1
1009,17.0," [7, 6, 1, 9, 5, 2, 5, 9, 2, 1]",1
1010,18.0,"[6, 5, 7, 5, 1, 5, 5, 5, 1, 9]",1
1011,23.0,"[10, 2, 10, 6, 5, 2, 10, 8, 6, 8]",1
1012,14.0,"[10, 6, 8, 10, 2, 10, 5, 7, 5, 9]",1
1013,23.0,"[9, 5, 1, 1, 5, 7, 7, 5, 2, 6]",1
1014,2.0,"[1, 5, 7, 5, 2, 6, 4, 5, 7, 5]",0
1015,17.0,"[4, 4, 5, 7, 5, 1, 1, 5, 5, 4]",1
1016,17.0,"[0, 1, 0, 5, 9, 5, 4, 5, 4, 2]",1
1017,17.0,"[4, 9, 5, 2, 5, 9, 5, 1, 5, 2]",0
1018,8.0,"[5, 9, 1, 2, 8, 2, 10, 2, 8, 2]",1
1019,4.0,"[5, 10, 2, 5, 4, 5, 8, 4, 2, 4]",0
1020,5.0,"[5, 7, 2, 1, 3, 9, 1, 3, 9, 1]",0
1021,3.0,"[7, 1, 5, 9, 5, 4, 5, 4, 7, 9]",0
1022,20.0,"[4, 5, 1, 9, 1, 2, 8, 2, 1, 3]",1
1023,22.0,"[2, 5, 1, 9, 2, 1, 9, 3, 2, 5]",1
1024,22.0,"[7, 6, 1, 9, 5, 2, 5, 9, 2, 1]",1
1025,20.0,"[5, 2, 5, 3, 7, 10, 8, 2, 8, 5]",1
1026,15.0,"[10, 2, 10, 6, 5, 2, 10, 8, 6, 8]",1
1027,16.0,"[10, 6, 8, 10, 2, 10, 5, 7, 5, 9]",1
1028,7.0,"[6, 5, 1, 7, 5, 1, 5, 1, 9, 5]",1
1029,14.0,"[1, 5, 7, 5, 2, 6, 4, 5, 7, 5]",0
1030,9.0,"[1, 5, 4, 5, 9, 5, 4, 5, 4, 2]",1
1031,17.0,"[4, 9, 5, 2, 5, 9, 5, 1, 5, 2]",1
1032,16.0,"[5, 9, 1, 2, 8, 2, 10, 2, 8, 2]",1
1033,16.0,"[5, 10, 2, 5, 4, 5, 8, 4, 2, 4]",0
1034,10.0,"[5, 7, 2, 1, 3, 9, 1, 3, 9, 1]",1
1035,11.0,"[7, 1, 5, 9, 5, 4, 5, 4, 7, 9]",1
1036,21.0,"[4, 5, 1, 9, 1, 2, 8, 2, 1, 3]",1
1037,22.0,"[2, 5, 1, 9, 2, 1, 9, 3, 2, 5]",1
1038,17.0," [7, 6, 1, 9, 5, 2, 5, 9, 2, 1]",1
1039,17.0,"[6, 5, 7, 5, 1, 5, 5, 5, 1, 9]",1
1040,18.0,"[10, 2, 10, 6, 5, 2, 10, 8, 6, 8]",1
1041,23.0,"[10, 6, 8, 10, 2, 10, 5, 7, 5, 9]",1
1042,14.0,"[9, 5, 1, 1, 5, 7, 7, 5, 2, 6]",1
1043,23.0,"[1, 5, 7, 5, 2, 6, 4, 5, 7, 5]",1
1044,2.0,"[4, 4, 5, 7, 5, 1, 1, 5, 5, 4]",0
1045,17.0,"[0, 1, 0, 5, 9, 5, 4, 5, 4, 2]",1
1046,17.0,"[4, 9, 5, 2, 5, 9, 5, 1, 5, 2]",1
1047,17.0,"[5, 9, 1, 2, 8, 2, 10, 2, 8, 2]",0
1048,8.0,"[5, 10, 2, 5, 4, 5, 8, 4, 2, 4]",1
1049,4.0,"[5, 7, 2, 1, 3, 9, 1, 3, 9, 1]",0
1050,5.0,"[7, 1, 5, 9, 5, 4, 5, 4, 7, 9]",0
1051,3.0,"[4, 5, 1, 9, 1, 2, 8, 2, 1, 3]",0
1052,20.0,"[2, 5, 1, 9, 2, 1, 9, 3, 2, 5]",1
1053,22.0,"[7, 6, 1, 9, 5, 2, 5, 9, 2, 1]",1
1054,22.0,"[5, 2, 5, 3, 7, 10, 8, 2, 8, 5]",1
1055,20.0,"[10, 2, 10, 6, 5, 2, 10, 8, 6, 8]",1
1056,15.0,"[10, 6, 8, 10, 2, 10, 5, 7, 5, 9]",1
1057,16.0,"[6, 5, 1, 7, 5, 1, 5, 1, 9, 5]",1
1058,7.0,"[1, 5, 7, 5, 2, 6, 4, 5, 7, 5]",1
1059,14.0,"[1, 5, 4, 5, 9, 5, 4, 5, 4, 2]",0
1060,9.0,"[4, 9, 5, 2, 5, 9, 5, 1, 5, 2]",1
1061,17.0,"[5, 9, 1, 2, 8, 2, 10, 2, 8, 2]",1
1062,16.0,"[5, 10, 2, 5, 4, 5, 8, 4, 2, 4]",1
1063,16.0,"[5, 7, 2, 1, 3, 9, 1, 3, 9, 1]",0
1064,10.0,"[7, 1, 5, 9, 5, 4, 5, 4, 7, 9]",1
1065,11.0,"[4, 5, 1, 9, 1, 2, 8, 2, 1, 3]",1
1066,21.0,"[2, 5, 1, 9, 2, 1, 9, 3, 2, 5]",1
1067,22.0," [7, 6, 1, 9, 5, 2, 5, 9, 2, 1]",1
1068,17.0,"[6, 5, 7, 5, 1, 5, 5, 5, 1, 9]",1
1069,17.0,"[10, 2, 10, 6, 5, 2, 10, 8, 6, 8]",1
1070,18.0,"[10, 6, 8, 10, 2, 10, 5, 7, 5, 9]",1
1071,23.0,"[9, 5, 1, 1, 5, 7, 7, 5, 2, 6]",1
1072,14.0,"[1, 5, 7, 5, 2, 6, 4, 5, 7, 5]",1
1073,23.0,"[4, 4, 5, 7, 5, 1, 1, 5, 5, 4]",1
1074,2.0,"[0, 1, 0, 5, 9, 5, 4, 5, 4, 2]",0
1075,17.0,"[4, 9, 5, 2, 5, 9, 5, 1, 5, 2]",1
1076,17.0,"[5, 9, 1, 2, 8, 2, 10, 2, 8, 2]",1
1077,17.0,"[5, 10, 2, 5, 4, 5, 8, 4, 2, 4]",0
1078,8.0,"[5, 7, 2, 1, 3, 9, 1, 3, 9, 1]",1
1079,4.0,"[7, 1, 5, 9, 5, 4, 5, 4, 7, 9]",0
1080,5.0,"[4, 5, 1, 9, 1, 2, 8, 2, 1, 3]",0
1081,3.0,"[2, 5, 1, 9, 2, 1, 9, 3, 2, 5]",0
1082,20.0,"[7, 6, 1, 9, 5, 2, 5, 9, 2, 1]",1
1083,22.0,"[5, 2, 5, 3, 7, 10, 8, 2, 8, 5]",1
1084,22.0,"[10, 2, 10, 6, 5, 2, 10, 8, 6, 8]",1
1085,20.0,"[10, 6, 8, 10, 2, 10, 5, 7, 5, 9]",1
1086,15.0,"[6, 5, 1, 7, 5, 1, 5, 1, 9, 5]",1
1087,16.0,"[1, 5, 7, 5, 2, 6, 4, 5, 7, 5]",1
1088,7.0,"[1, 5, 4, 5, 9, 5, 4, 5, 4, 2]",1
1089,14.0,"[4, 9, 5, 2, 5, 9, 5, 1, 5, 2]",0
1090,9.0,"[5, 9, 1, 2, 8, 2, 10, 2, 8, 2]",1
1091,17.0,"[5, 10, 2, 5, 4, 5, 8, 4, 2, 4]",1
1092,16.0,"[5, 7, 2, 1, 3, 9, 1, 3, 9, 1]",1
1093,16.0,"[7, 1, 5, 9, 5, 4, 5, 4, 7, 9]",0
1094,10.0,"[4, 5, 1, 9, 1, 2, 8, 2, 1, 3]",1
1095,11.0,"[2, 5, 1, 9, 2, 1, 9, 3, 2, 5]",1
1096,21.0," [7, 6, 1, 9, 5, 2, 5, 9, 2, 1]",1
1097,22.0,"[6, 5, 7, 5, 1, 5, 5, 5, 1, 9]",1
1098,17.0,"[10, 2, 10, 6, 5, 2, 10, 8, 6, 8]",1
1099,17.0,"[10, 6, 8, 10, 2, 10, 5, 7, 5, 9]",1
1100,18.0,"[9, 5, 1, 1, 5, 7, 7, 5, 2, 6]",1
1101,23.0,"[1, 5, 7, 5, 2, 6, 4, 5, 7, 5]",1
1102,14.0,"[4, 4, 5, 7, 5, 1, 1, 5, 5, 4]",1
1103,23.0,"[0, 1, 0, 5, 9, 5, 4, 5, 4, 2]",1
1104,2.0,"[4, 9, 5, 2, 5, 9, 5, 1, 5, 2]",0
1105,17.0,"[5, 9, 1, 2, 8, 2, 10, 2, 8, 2]",1
1106,17.0,"[5, 10, 2, 5, 4, 5, 8, 4, 2, 4]",1
1107,17.0,"[5, 7, 2, 1, 3, 9, 1, 3, 9, 1]",0
1108,8.0,"[7, 1, 5, 9, 5, 4, 5, 4, 7, 9]",1
1109,4.0,"[4, 5, 1, 9, 1, 2, 8, 2, 1, 3]",0
1110,5.0,"[2, 5, 1, 9, 2, 1, 9, 3, 2, 5]",0
1111,21.0,"[7, 6, 1, 9, 5, 2, 5, 9, 2, 1]",1
1112,22.0,"[5, 2, 5, 3, 7, 10, 8, 2, 8, 5]",1
1113,17.0,"[10, 2, 10, 6, 5, 2, 10, 8, 6, 8]",1
1114,17.0,"[10, 6, 8, 10, 2, 10, 5, 7, 5, 9]",1
1115,18.0,"[6, 5, 1, 7, 5, 1, 5, 1, 9, 5]",1
1116,23.0,"[1, 5, 7, 5, 2, 6, 4, 5, 7, 5]",1
1117,14.0,"[1, 5, 4, 5, 9, 5, 4, 5, 4, 2]",1
1118,23.0,"[4, 9, 5, 2, 5, 9, 5, 1, 5, 2]",1
1119,2.0,"[5, 9, 1, 2, 8, 2, 10, 2, 8, 2]",0
1120,17.0,"[5, 10, 2, 5, 4, 5, 8, 4, 2, 4]",1
1121,17.0,"[5, 7, 2, 1, 3, 9, 1, 3, 9, 1]",1
1122,17.0,"[7, 1, 5, 9, 5, 4, 5, 4, 7, 9]",0
1123,8.0,"[4, 5, 1, 9, 1, 2, 8, 2, 1, 3]",1
1124,4.0,"[2, 5, 1, 9, 2, 1, 9, 3, 2, 5]",0
1125,5.0," [7, 6, 1, 9, 5, 2, 5, 9, 2, 1]",0
1126,22.0,"[6, 5, 7, 5, 1, 5, 5, 5, 1, 9]",1
1127,17.0,"[10, 2, 10, 6, 5, 2, 10, 8, 6, 8]",1
1128,17.0,"[10, 6, 8, 10, 2, 10, 5, 7, 5, 9]",1
1129,18.0,"[9, 5, 1, 1, 5, 7, 7, 5, 2, 6]",1
1130,23.0,"[1, 5, 7, 5, 2, 6, 4, 5, 7, 5]",1
1131,14.0,"[4, 4, 5, 7, 5, 1, 1, 5, 5, 4]",0
1132,23.0,"[0, 1, 0, 5, 9, 5, 4, 5, 4, 2]",1
1133,2.0,"[4, 9, 5, 2, 5, 9, 5, 1, 5, 2]",1
1134,17.0,"[5, 9, 1, 2, 8, 2, 10, 2, 8, 2]",1
1135,17.0,"[5, 10, 2, 5, 4, 5, 8, 4, 2, 4]",0
1136,17.0,"[5, 7, 2, 1, 3, 9, 1, 3, 9, 1]",1
1137,8.0,"[7, 1, 5, 9, 5, 4, 5, 4, 7, 9]",1
1138,4.0,"[4, 5, 1, 9, 1, 2, 8, 2, 1, 3]",1
1139,5.0,"[2, 5, 1, 9, 2, 1, 9, 3, 2, 5]",1
1140,14.0,"[7, 6, 1, 9, 5, 2, 5, 9, 2, 1]",1
1141,9.0,"[5, 2, 5, 3, 7, 10, 8, 2, 8, 5]",1
1142,17.0,"[10, 2, 10, 6, 5, 2, 10, 8, 6, 8]",1
1143,16.0,"[10, 6, 8, 10, 2, 10, 5, 7, 5, 9]",1
1144,16.0,"[6, 5, 1, 7, 5, 1, 5, 1, 9, 5]",1
1145,10.0,"[1, 5, 7, 5, 2, 6, 4, 5, 7, 5]",1
1146,11.0,"[1, 5, 4, 5, 9, 5, 4, 5, 4, 2]",0
1147,21.0,"[4, 9, 5, 2, 5, 9, 5, 1, 5, 2]",1
1148,22.0,"[5, 9, 1, 2, 8, 2, 10, 2, 8, 2]",1
1149,17.0,"[5, 10, 2, 5, 4, 5, 8, 4, 2, 4]",0
1150,17.0,"[5, 7, 2, 1, 3, 9, 1, 3, 9, 1]",1
1151,18.0,"[7, 1, 5, 9, 5, 4, 5, 4, 7, 9]",0
1152,23.0,"[4, 5, 1, 9, 1, 2, 8, 2, 1, 3]",0
1153,14.0,"[2, 5, 1, 9, 2, 1, 9, 3, 2, 5]",1
1154,23.0," [7, 6, 1, 9, 5, 2, 5, 9, 2, 1]",1
1155,2.0,"[6, 5, 7, 5, 1, 5, 5, 5, 1, 9]",0
1156,17.0,"[10, 2, 10, 6, 5, 2, 10, 8, 6, 8]",1
1157,17.0,"[10, 6, 8, 10, 2, 10, 5, 7, 5, 9]",1
1158,17.0,"[9, 5, 1, 1, 5, 7, 7, 5, 2, 6]",0
1159,8.0,"[1, 5, 7, 5, 2, 6, 4, 5, 7, 5]",1
1160,4.0,"[4, 4, 5, 7, 5, 1, 1, 5, 5, 4]",0